datetime,temperature_2m,relative_humidity_2m,precipitation,rain,snowfall,snow_depth,weather_code,pressure_msl,surface_pressure,cloud_cover,cloud_cover_low,cloud_cover_mid,cloud_cover_high,visibility,wind_speed_10m,wind_direction_10m,wind_gusts_10m,soil_temperature_0cm,soil_moisture_0_to_1cm,enriched_temp_category,enriched_precipitation_category
2024-12-14 00:00:00,-0.2,89,0.0,0.0,0.0,0.0,3,1026.9,975.9,100,71,100,100,9900.0,0.5,315,4.7,0.2,0.297,kalt,trocken
2024-12-14 01:00:00,-0.3,92,0.0,0.0,0.0,0.0,3,1027.7,976.6,100,100,100,100,4780.0,1.9,202,5.0,0.3,0.297,kalt,trocken
2024-12-14 02:00:00,-0.3,93,0.0,0.0,0.0,0.0,45,1026.3,975.3,100,95,53,100,3740.0,2.3,162,7.2,0.2,0.297,kalt,trocken
2024-12-14 03:00:00,-0.2,94,0.0,0.0,0.0,0.0,45,1025.8,974.8,100,77,71,100,3300.0,0.4,360,6.1,0.2,0.297,kalt,trocken
2024-12-14 04:00:00,-0.3,94,0.0,0.0,0.0,0.0,3,1025.4,974.5,100,100,73,100,1620.0,1.1,270,5.4,0.4,0.297,kalt,trocken
2024-12-14 05:00:00,-0.4,94,0.0,0.0,0.0,0.0,45,1025.2,974.2,100,100,100,100,2480.0,1.0,315,4.7,0.4,0.296,kalt,trocken
2024-12-14 06:00:00,-0.4,94,0.0,0.0,0.0,0.0,45,1025.2,974.3,100,82,100,100,2940.0,2.0,315,6.1,0.3,0.296,kalt,trocken
2024-12-14 07:00:00,-0.1,93,0.0,0.0,0.0,0.0,45,1025.2,974.3,100,71,95,94,4480.0,1.5,135,6.8,0.5,0.296,kalt,trocken
2024-12-14 08:00:00,0.2,93,0.0,0.0,0.0,0.0,3,1024.8,974.0,100,56,100,100,4940.0,4.4,145,10.8,0.5,0.296,kalt,trocken
2024-12-14 09:00:00,0.8,90,0.0,0.0,0.0,0.0,3,1025.1,974.4,99,80,98,0,10340.0,3.9,124,10.8,0.9,0.296,kalt,trocken
2024-12-14 10:00:00,1.4,87,0.0,0.0,0.0,0.0,3,1024.9,974.3,100,71,99,1,12860.0,4.6,129,9.0,2.0,0.296,kalt,trocken
2024-12-14 11:00:00,2.1,86,0.0,0.0,0.0,0.0,3,1024.8,974.3,100,94,100,100,14360.0,3.7,151,10.4,2.8,0.296,kalt,trocken
2024-12-14 12:00:00,2.5,89,0.4,0.4,0.0,0.0,61,1024.2,973.8,100,95,100,100,10060.0,4.1,142,13.0,2.9,0.305,kalt,leicht
2024-12-14 13:00:00,2.9,88,0.4,0.4,0.0,0.0,61,1024.2,973.9,100,90,100,22,12280.0,2.7,157,8.6,3.4,0.305,kalt,leicht
2024-12-14 14:00:00,3.0,87,0.6,0.6,0.0,0.0,61,1023.9,973.6,100,91,100,0,14100.0,4.3,222,10.8,3.5,0.319,kalt,leicht
2024-12-14 15:00:00,3.1,86,0.4,0.4,0.0,0.0,61,1024.0,973.7,100,87,100,100,14700.0,5.2,196,12.2,3.4,0.32,kalt,leicht
2024-12-14 16:00:00,2.9,90,0.1,0.1,0.0,0.0,61,1025.0,974.7,100,89,100,22,9520.0,4.9,163,12.6,2.8,0.318,kalt,leicht
2024-12-14 17:00:00,3.0,89,0.1,0.1,0.0,0.0,61,1024.9,974.6,100,87,100,49,13960.0,3.8,197,11.2,2.5,0.317,kalt,leicht
2024-12-14 18:00:00,3.0,88,0.0,0.0,0.0,0.0,61,1025.1,974.8,99,83,96,0,14820.0,4.8,167,11.5,2.4,0.316,kalt,trocken
2024-12-14 19:00:00,3.4,91,0.0,0.0,0.0,0.0,61,1026.0,975.7,100,100,94,0,10900.0,5.0,159,10.4,2.7,0.315,kalt,trocken
2024-12-14 20:00:00,3.7,88,0.0,0.0,0.0,0.0,61,1025.9,975.6,98,84,92,0,15420.0,4.2,200,10.8,2.8,0.314,kalt,trocken
2024-12-14 21:00:00,3.7,88,0.0,0.0,0.0,0.0,80,1026.3,976.0,95,86,83,0,15400.0,5.1,188,12.2,2.8,0.313,kalt,trocken
2024-12-14 22:00:00,4.0,87,0.0,0.0,0.0,0.0,80,1026.9,976.6,95,89,86,0,17900.0,6.2,201,12.6,3.2,0.313,kalt,trocken
2024-12-14 23:00:00,3.8,88,0.2,0.2,0.0,0.0,61,1026.5,976.2,93,84,84,0,16380.0,5.4,188,14.4,3.0,0.315,kalt,leicht
2024-12-15 00:00:00,3.9,88,0.0,0.0,0.0,0.0,61,1027.0,976.7,100,100,84,54,16840.0,3.9,236,11.9,3.1,0.314,kalt,trocken
2024-12-15 01:00:00,3.9,88,0.0,0.0,0.0,0.0,61,1027.5,977.2,100,100,83,83,15300.0,4.7,279,10.4,3.2,0.313,kalt,trocken
2024-12-15 02:00:00,3.7,87,0.0,0.0,0.0,0.0,3,1027.6,977.3,100,100,100,0,17320.0,5.2,282,12.2,3.1,0.312,kalt,trocken
2024-12-15 03:00:00,3.2,85,0.0,0.0,0.0,0.0,61,1028.7,978.2,92,82,82,0,19600.0,7.2,276,18.7,2.8,0.313,kalt,trocken
2024-12-15 04:00:00,3.2,86,0.2,0.2,0.0,0.0,61,1029.1,978.6,90,76,76,0,18440.0,5.0,270,19.1,2.7,0.313,kalt,leicht
2024-12-15 05:00:00,3.0,86,0.0,0.0,0.0,0.0,3,1029.7,979.1,99,79,94,0,17400.0,5.4,274,13.7,2.5,0.314,kalt,trocken
2024-12-15 06:00:00,2.8,86,0.0,0.0,0.0,0.0,3,1030.2,979.6,91,87,72,0,17860.0,3.8,253,12.6,2.4,0.313,kalt,trocken
2024-12-15 07:00:00,2.9,87,0.0,0.0,0.0,0.0,61,1031.1,980.5,91,83,77,0,17800.0,3.7,191,10.8,2.5,0.314,kalt,trocken
2024-12-15 08:00:00,2.9,87,0.0,0.0,0.0,0.0,61,1031.9,981.2,100,100,77,0,18340.0,2.4,243,10.1,2.5,0.314,kalt,trocken
2024-12-15 09:00:00,2.9,88,0.1,0.1,0.0,0.0,61,1032.7,982.0,100,100,79,2,15260.0,3.4,252,9.4,2.7,0.315,kalt,leicht
2024-12-15 10:00:00,3.4,86,0.0,0.0,0.0,0.0,3,1033.4,982.7,100,100,66,79,17400.0,5.1,274,10.4,3.8,0.314,kalt,trocken
2024-12-15 11:00:00,3.5,84,0.0,0.0,0.0,0.0,3,1034.5,983.8,100,100,0,0,20000.0,9.5,299,22.0,4.3,0.313,kalt,trocken
2024-12-15 12:00:00,3.7,80,0.0,0.0,0.0,0.0,2,1034.4,983.7,72,72,0,0,26860.0,7.9,273,22.7,5.1,0.313,kalt,trocken
2024-12-15 13:00:00,4.2,72,0.0,0.0,0.0,0.0,1,1035.9,985.2,49,49,0,0,42260.0,6.6,279,19.4,6.4,0.312,kalt,trocken
2024-12-15 14:00:00,4.8,70,0.0,0.0,0.0,0.0,2,1035.4,984.9,81,81,0,0,47760.0,5.8,274,15.8,6.4,0.312,kalt,trocken
2024-12-15 15:00:00,4.7,72,0.0,0.0,0.0,0.0,2,1036.4,985.8,86,67,0,53,45220.0,5.8,277,17.3,5.3,0.311,kalt,trocken
2024-12-15 16:00:00,4.3,71,0.0,0.0,0.0,0.0,1,1036.9,986.2,5,0,5,0,48000.0,3.5,246,15.1,3.8,0.311,kalt,trocken
2024-12-15 17:00:00,3.6,75,0.0,0.0,0.0,0.0,2,1036.9,986.1,57,7,25,31,43400.0,3.3,186,9.0,2.1,0.311,kalt,trocken
2024-12-15 18:00:00,3.2,79,0.0,0.0,0.0,0.0,1,1036.9,986.0,27,23,21,0,37360.0,2.7,157,9.7,1.4,0.311,kalt,trocken
2024-12-15 19:00:00,3.1,84,0.0,0.0,0.0,0.0,2,1038.4,987.4,63,52,30,0,27960.0,2.8,140,6.1,0.7,0.311,kalt,trocken
2024-12-15 20:00:00,3.1,85,0.0,0.0,0.0,0.0,3,1039.1,988.1,99,57,97,0,24580.0,3.5,156,7.2,1.5,0.311,kalt,trocken
2024-12-15 21:00:00,3.3,85,0.0,0.0,0.0,0.0,2,1039.3,988.3,71,48,62,0,24660.0,2.4,153,10.4,1.2,0.312,kalt,trocken
2024-12-15 22:00:00,3.4,84,0.0,0.0,0.0,0.0,2,1040.1,989.1,79,77,70,0,26880.0,1.5,76,6.5,1.2,0.312,kalt,trocken
2024-12-15 23:00:00,3.4,84,0.0,0.0,0.0,0.0,3,1039.6,988.6,100,100,71,0,25800.0,2.2,171,3.6,1.8,0.312,kalt,trocken
2024-12-16 00:00:00,3.5,80,0.0,0.0,0.0,0.0,3,1039.5,988.5,100,85,53,100,33680.0,3.2,153,8.6,2.2,0.312,kalt,trocken
2024-12-16 01:00:00,2.9,84,0.0,0.0,0.0,0.0,3,1040.0,988.9,72,72,0,0,26280.0,4.3,138,7.6,1.1,0.312,kalt,trocken
2024-12-16 02:00:00,3.2,81,0.0,0.0,0.0,0.0,2,1040.2,989.2,88,78,28,0,32460.0,1.3,124,9.0,0.8,0.312,kalt,trocken
2024-12-16 03:00:00,3.3,81,0.0,0.0,0.0,0.0,2,1040.4,989.4,75,63,55,0,34020.0,3.6,135,6.1,0.8,0.312,kalt,trocken
2024-12-16 04:00:00,2.6,90,0.0,0.0,0.0,0.0,3,1041.0,989.8,71,61,65,0,14060.0,4.5,151,10.1,1.3,0.305,kalt,trocken
2024-12-16 05:00:00,2.9,88,0.0,0.0,0.0,0.0,3,1040.5,989.4,88,74,84,29,18300.0,4.5,166,9.7,1.7,0.306,kalt,trocken
2024-12-16 06:00:00,2.9,86,0.0,0.0,0.0,0.0,3,1040.8,989.7,87,79,83,0,23460.0,4.0,117,9.7,1.7,0.307,kalt,trocken
2024-12-16 07:00:00,2.8,86,0.0,0.0,0.0,0.0,3,1040.9,989.7,87,75,50,12,25900.0,4.1,128,9.4,1.1,0.307,kalt,trocken
2024-12-16 08:00:00,2.6,87,0.0,0.0,0.0,0.0,2,1041.1,989.9,63,23,6,43,22600.0,4.8,138,11.2,1.1,0.308,kalt,trocken
2024-12-16 09:00:00,2.8,86,0.0,0.0,0.0,0.0,1,1040.8,989.6,5,0,0,5,25720.0,3.9,124,10.8,1.3,0.308,kalt,trocken
2024-12-16 10:00:00,3.7,82,0.0,0.0,0.0,0.0,0,1040.4,989.4,0,0,0,0,34940.0,1.8,53,7.6,3.5,0.308,kalt,trocken
2024-12-16 11:00:00,5.0,70,0.0,0.0,0.0,0.0,0,1039.8,989.1,0,0,0,0,49940.0,2.2,351,6.1,6.2,0.309,kalt,trocken
2024-12-16 12:00:00,6.0,65,0.0,0.0,0.0,0.0,0,1039.4,988.9,0,0,0,0,57660.0,2.5,352,9.7,7.6,0.308,kalt,trocken
2024-12-16 13:00:00,7.2,61,0.0,0.0,0.0,0.0,0,1038.8,988.5,0,0,0,0,63020.0,3.4,148,10.4,9.0,0.308,kalt,trocken
2024-12-16 14:00:00,8.0,60,0.0,0.0,0.0,0.0,0,1037.8,987.7,0,0,0,0,63980.0,5.8,173,15.8,8.8,0.307,kalt,trocken
2024-12-16 15:00:00,8.2,63,0.0,0.0,0.0,0.0,0,1038.0,987.9,0,0,0,0,61960.0,3.3,283,13.0,8.1,0.308,kalt,trocken
2024-12-16 16:00:00,7.8,65,0.0,0.0,0.0,0.0,0,1037.5,987.4,0,0,0,0,61000.0,3.6,186,8.6,6.2,0.307,kalt,trocken
2024-12-16 17:00:00,6.6,71,0.0,0.0,0.0,0.0,0,1036.9,986.6,0,0,0,0,52820.0,2.9,173,9.0,4.0,0.307,kalt,trocken
2024-12-16 18:00:00,5.9,74,0.0,0.0,0.0,0.0,0,1036.7,986.3,0,0,0,0,48480.0,2.1,149,5.0,2.7,0.307,kalt,trocken
2024-12-16 19:00:00,4.0,90,0.0,0.0,0.0,0.0,0,1037.1,986.4,0,0,0,0,14220.0,4.3,132,6.5,2.0,0.309,kalt,trocken
2024-12-16 20:00:00,4.3,82,0.0,0.0,0.0,0.0,0,1036.1,985.4,0,0,0,0,35040.0,2.9,97,8.6,1.2,0.309,kalt,trocken
2024-12-16 21:00:00,3.8,81,0.0,0.0,0.0,0.0,0,1036.3,985.5,0,0,0,0,43460.0,3.2,360,4.0,0.5,0.309,kalt,trocken
2024-12-16 22:00:00,3.1,85,0.0,0.0,0.0,0.0,0,1036.1,985.2,0,0,0,0,34120.0,2.3,129,4.3,-0.1,0.31,kalt,trocken
2024-12-16 23:00:00,3.4,82,0.0,0.0,0.0,0.0,0,1035.4,984.6,0,0,0,0,39740.0,1.1,108,4.7,-0.2,0.31,kalt,trocken
2024-12-17 00:00:00,3.4,80,0.0,0.0,0.0,0.0,3,1035.0,984.2,100,0,0,100,45200.0,1.9,338,2.2,-0.5,0.31,kalt,trocken
2024-12-17 01:00:00,2.8,90,0.0,0.0,0.0,0.0,3,1035.5,984.6,100,0,0,100,16140.0,6.2,144,6.1,-1.3,0.31,kalt,trocken
2024-12-17 02:00:00,2.8,86,0.0,0.0,0.0,0.0,1,1035.3,984.4,10,0,0,10,31520.0,2.8,130,9.7,-1.2,0.31,kalt,trocken
2024-12-17 03:00:00,3.0,81,0.0,0.0,0.0,0.0,2,1034.8,984.0,72,0,72,0,41780.0,1.6,117,4.0,-1.5,0.31,kalt,trocken
2024-12-17 04:00:00,1.5,89,0.0,0.0,0.0,0.0,1,1034.9,983.8,65,0,65,0,22660.0,1.0,135,3.2,-3.3,0.302,kalt,trocken
2024-12-17 05:00:00,1.2,87,0.0,0.0,0.0,0.0,2,1034.7,983.6,61,0,61,0,27500.0,3.4,342,3.2,-3.0,0.302,kalt,trocken
2024-12-17 06:00:00,1.1,86,0.0,0.0,0.0,0.0,2,1034.5,983.4,66,0,60,12,31500.0,1.6,27,3.6,-2.8,0.303,kalt,trocken
2024-12-17 07:00:00,1.1,90,0.0,0.0,0.0,0.0,1,1034.3,983.2,39,0,39,0,20260.0,3.2,153,2.9,-3.8,0.303,kalt,trocken
2024-12-17 08:00:00,0.1,91,0.0,0.0,0.0,0.0,2,1034.3,983.0,60,0,60,0,17900.0,4.7,360,5.4,-3.6,0.303,kalt,trocken
2024-12-17 09:00:00,0.2,91,0.0,0.0,0.0,0.0,1,1034.2,982.9,0,0,0,0,17800.0,3.2,360,5.4,-3.1,0.303,kalt,trocken
2024-12-17 10:00:00,0.3,91,0.0,0.0,0.0,0.0,1,1034.9,983.6,0,0,0,0,16520.0,2.8,40,10.8,-0.8,0.303,kalt,trocken
2024-12-17 11:00:00,2.5,85,0.0,0.0,0.0,0.0,1,1033.7,982.8,18,0,0,18,30420.0,0.4,360,3.2,1.8,0.303,kalt,trocken
2024-12-17 12:00:00,3.9,80,0.0,0.0,0.0,0.0,3,1032.9,982.3,100,0,0,100,38040.0,2.0,315,2.5,3.4,0.303,kalt,trocken
2024-12-17 13:00:00,5.6,77,0.0,0.0,0.0,0.0,2,1032.3,982.1,100,0,0,100,39720.0,1.1,162,4.0,5.6,0.304,kalt,trocken
2024-12-17 14:00:00,6.4,74,0.0,0.0,0.0,0.0,2,1031.2,981.2,85,0,0,85,49760.0,0.4,180,5.0,5.1,0.304,kalt,trocken
2024-12-17 15:00:00,6.3,76,0.0,0.0,0.0,0.0,2,1030.1,980.1,63,0,0,63,50020.0,1.9,338,2.5,3.7,0.305,kalt,trocken
2024-12-17 16:00:00,5.2,75,0.0,0.0,0.0,0.0,1,1030.8,980.6,96,0,82,77,56020.0,2.7,23,6.8,0.3,0.305,kalt,trocken
2024-12-17 17:00:00,4.4,80,0.0,0.0,0.0,0.0,3,1030.4,980.0,100,0,56,100,46820.0,0.5,225,3.2,0.2,0.305,kalt,trocken
2024-12-17 18:00:00,4.1,78,0.0,0.0,0.0,0.0,3,1029.8,979.4,100,0,100,100,51660.0,2.0,135,2.9,0.1,0.305,kalt,trocken
2024-12-17 19:00:00,3.8,91,0.0,0.0,0.0,0.0,3,1029.9,979.5,100,0,100,100,17800.0,2.4,117,2.5,-0.4,0.306,kalt,trocken
2024-12-17 20:00:00,2.9,97,0.0,0.0,0.0,0.0,3,1029.3,978.7,100,0,99,100,4100.0,0.8,27,3.2,-0.7,0.306,kalt,trocken
2024-12-17 21:00:00,2.7,96,0.0,0.0,0.0,0.0,3,1029.4,978.8,100,0,82,100,5280.0,2.5,8,2.9,-0.7,0.306,kalt,trocken
2024-12-17 22:00:00,2.3,98,0.0,0.0,0.0,0.0,3,1029.4,978.7,100,0,100,100,3600.0,1.5,315,2.9,-1.0,0.306,kalt,trocken
2024-12-17 23:00:00,2.0,96,0.0,0.0,0.0,0.0,3,1028.9,978.2,93,0,82,70,5640.0,2.4,333,2.9,-1.3,0.306,kalt,trocken
2024-12-18 00:00:00,1.8,95,0.0,0.0,0.0,0.0,3,1028.4,977.7,100,0,7,100,8680.0,1.4,360,4.0,-1.5,0.306,kalt,trocken
2024-12-18 01:00:00,1.4,99,0.0,0.0,0.0,0.0,3,1028.9,978.1,100,6,92,100,2440.0,2.2,360,4.0,-2.0,0.306,kalt,trocken
2024-12-18 02:00:00,1.9,100,0.0,0.0,0.0,0.0,45,1028.0,977.3,96,50,84,37,2340.0,0.5,45,3.6,-2.0,0.306,kalt,trocken
2024-12-18 03:00:00,1.3,98,0.0,0.0,0.0,0.0,45,1027.6,976.8,97,13,92,53,3180.0,4.0,5,5.0,-2.1,0.306,kalt,trocken
2024-12-18 04:00:00,1.4,100,0.0,0.0,0.0,0.0,3,1027.8,977.0,100,93,80,100,340.0,2.6,56,4.7,-2.6,0.298,kalt,trocken
2024-12-18 05:00:00,2.8,95,0.0,0.0,0.0,0.0,3,1026.9,976.4,100,0,97,100,9180.0,1.5,14,3.6,-2.1,0.298,kalt,trocken
2024-12-18 06:00:00,3.4,85,0.0,0.0,0.0,0.0,2,1026.7,976.3,71,0,72,14,36660.0,1.6,63,3.2,-2.5,0.298,kalt,trocken
2024-12-18 07:00:00,3.0,83,0.0,0.0,0.0,0.0,2,1027.2,976.8,100,0,42,100,40600.0,5.0,120,4.3,-3.6,0.3,kalt,trocken
2024-12-18 08:00:00,3.7,80,0.0,0.0,0.0,0.0,2,1026.7,976.4,81,0,81,4,49420.0,3.1,135,7.2,-3.1,0.299,kalt,trocken
2024-12-18 09:00:00,3.9,79,0.0,0.0,0.0,0.0,2,1026.7,976.4,57,0,57,0,49320.0,2.1,59,7.2,-2.1,0.299,kalt,trocken
2024-12-18 10:00:00,4.5,79,0.0,0.0,0.0,0.0,2,1027.2,977.0,56,0,56,0,49680.0,4.1,128,4.3,-0.7,0.299,kalt,trocken
2024-12-18 11:00:00,5.8,77,0.0,0.0,0.0,0.0,3,1026.0,976.1,86,2,85,0,51200.0,4.9,144,7.6,1.8,0.299,kalt,trocken
2024-12-18 12:00:00,7.0,71,0.0,0.0,0.0,0.0,3,1025.2,975.5,100,19,100,0,62320.0,2.3,72,6.5,2.8,0.299,kalt,trocken
2024-12-18 13:00:00,7.2,70,0.0,0.0,0.0,0.0,3,1024.9,975.3,96,0,96,0,57700.0,3.6,135,4.7,5.4,0.3,kalt,trocken
2024-12-18 14:00:00,8.3,66,0.0,0.0,0.0,0.0,3,1024.0,974.6,93,18,88,1,64820.0,3.3,96,9.7,5.4,0.301,kalt,trocken
2024-12-18 15:00:00,8.7,61,0.0,0.0,0.0,0.0,2,1022.9,973.7,52,17,44,3,71940.0,3.9,124,6.5,4.1,0.301,kalt,trocken
2024-12-18 16:00:00,8.3,59,0.0,0.0,0.0,0.0,2,1023.5,974.2,93,0,93,1,73940.0,1.5,76,6.5,2.4,0.301,kalt,trocken
2024-12-18 17:00:00,7.3,64,0.0,0.0,0.0,0.0,3,1022.5,973.0,93,0,93,0,67020.0,7.1,135,14.4,2.5,0.301,kalt,trocken
2024-12-18 18:00:00,7.6,61,0.0,0.0,0.0,0.0,2,1022.7,973.3,58,0,58,0,73520.0,3.9,112,13.3,1.2,0.301,kalt,trocken
2024-12-18 19:00:00,6.9,68,0.0,0.0,0.0,0.0,2,1023.5,973.9,40,11,34,10,64040.0,6.9,141,7.9,1.1,0.303,kalt,trocken
2024-12-18 20:00:00,5.3,77,0.0,0.0,0.0,0.0,2,1023.0,973.2,73,41,36,30,47240.0,7.4,133,14.0,1.5,0.303,kalt,trocken
2024-12-18 21:00:00,6.3,72,0.0,0.0,0.0,0.0,3,1022.4,972.8,100,64,18,100,60360.0,4.6,108,14.4,0.6,0.304,kalt,trocken
2024-12-18 22:00:00,6.8,70,0.0,0.0,0.0,0.0,3,1021.7,972.2,100,0,15,100,62160.0,6.9,133,8.3,0.7,0.304,kalt,trocken
2024-12-18 23:00:00,6.6,71,0.0,0.0,0.0,0.0,3,1020.7,971.2,95,0,0,95,60020.0,5.5,122,12.6,1.5,0.304,kalt,trocken
2024-12-19 00:00:00,6.6,68,0.0,0.0,0.0,0.0,3,1018.5,969.1,100,0,0,100,64300.0,6.2,126,10.4,1.1,0.304,kalt,trocken
2024-12-19 01:00:00,5.8,77,0.0,0.0,0.0,0.0,3,1018.1,968.6,100,0,0,100,50500.0,5.9,133,10.1,-0.2,0.304,kalt,trocken
2024-12-19 02:00:00,5.4,82,0.0,0.0,0.0,0.0,3,1017.1,967.6,100,0,0,100,37420.0,5.3,118,9.7,-0.2,0.305,kalt,trocken
2024-12-19 03:00:00,5.1,86,0.0,0.0,0.0,0.0,3,1015.4,965.9,100,0,0,100,26320.0,6.4,133,11.2,0.7,0.305,kalt,trocken
2024-12-19 04:00:00,4.7,89,0.0,0.0,0.0,0.0,2,1014.9,965.4,34,0,0,34,19260.0,5.4,127,8.3,0.2,0.294,kalt,trocken
2024-12-19 05:00:00,4.7,92,0.0,0.0,0.0,0.0,3,1013.8,964.3,78,0,0,78,15000.0,3.9,146,9.4,0.0,0.294,kalt,trocken
2024-12-19 06:00:00,4.5,93,0.0,0.0,0.0,0.0,3,1012.9,963.4,100,0,53,100,11300.0,4.6,141,8.3,-0.1,0.295,kalt,trocken
2024-12-19 07:00:00,3.4,98,0.0,0.0,0.0,0.0,3,1012.6,962.9,100,0,100,100,4620.0,2.3,39,7.6,-1.1,0.295,kalt,trocken
2024-12-19 08:00:00,4.1,89,0.0,0.0,0.0,0.0,3,1011.6,962.1,100,0,100,100,17280.0,7.9,137,16.6,1.8,0.295,kalt,trocken
2024-12-19 09:00:00,6.1,78,0.2,0.2,0.0,0.0,61,1010.6,961.5,100,36,100,100,35260.0,5.9,169,15.8,2.3,0.311,kalt,leicht
2024-12-19 10:00:00,7.0,80,1.3,1.3,0.0,0.0,61,1011.0,962.0,100,43,100,100,15420.0,3.9,146,22.7,3.0,0.321,kalt,leicht
2024-12-19 11:00:00,7.5,84,0.3,0.3,0.0,0.0,61,1009.4,960.6,100,15,100,77,34780.0,2.9,173,11.5,4.3,0.317,kalt,leicht
2024-12-19 12:00:00,9.2,78,0.0,0.0,0.0,0.0,3,1007.9,959.5,100,29,100,100,45200.0,4.1,225,13.0,5.2,0.312,kalt,trocken
2024-12-19 13:00:00,9.5,85,0.0,0.0,0.0,0.0,3,1007.2,958.8,100,58,100,100,29120.0,3.3,186,7.9,7.5,0.307,kalt,trocken
2024-12-19 14:00:00,9.3,87,0.7,0.7,0.0,0.0,61,1005.5,957.2,100,57,100,0,25540.0,4.3,204,9.0,6.9,0.313,kalt,leicht
2024-12-19 15:00:00,9.0,90,0.0,0.0,0.0,0.0,3,1004.0,955.7,100,0,94,100,15440.0,5.1,172,12.6,7.6,0.309,kalt,trocken
2024-12-19 16:00:00,9.2,87,0.0,0.0,0.0,0.0,3,1003.4,955.2,100,0,100,0,25060.0,2.2,171,11.2,6.6,0.309,kalt,trocken
2024-12-19 17:00:00,8.8,88,1.4,1.4,0.0,0.0,61,1004.5,956.2,100,100,100,0,4160.0,10.9,276,22.3,6.9,0.35,kalt,leicht
2024-12-19 18:00:00,6.4,80,2.6,2.6,0.0,0.0,63,1008.0,959.1,100,100,100,100,32500.0,17.6,285,51.1,5.3,0.333,kalt,leicht
2024-12-19 19:00:00,5.2,80,1.4,1.4,0.0,0.0,61,1012.6,963.3,100,100,100,100,23840.0,19.5,266,43.6,4.4,0.325,kalt,leicht
2024-12-19 20:00:00,4.3,82,0.3,0.3,0.0,0.0,61,1013.9,964.3,100,47,100,100,29020.0,15.5,242,41.0,3.6,0.322,kalt,leicht
2024-12-19 21:00:00,3.9,85,0.1,0.1,0.0,0.0,61,1014.8,965.1,100,98,100,0,22720.0,11.7,223,31.0,3.3,0.32,kalt,leicht
2024-12-19 22:00:00,3.5,84,0.9,0.7,0.0,0.0,61,1016.2,966.4,100,86,100,0,23860.0,15.5,271,31.7,3.2,0.32,kalt,leicht
2024-12-19 23:00:00,3.2,83,0.0,0.0,0.0,0.0,61,1017.0,967.1,100,55,100,0,27160.0,13.0,273,27.4,2.6,0.318,kalt,trocken
2024-12-20 00:00:00,2.7,83,0.0,0.0,0.0,0.0,3,1017.5,967.5,100,66,100,0,27140.0,9.7,270,26.6,2.0,0.317,kalt,trocken
2024-12-20 01:00:00,2.6,86,0.0,0.0,0.0,0.0,61,1018.1,968.0,100,89,100,0,20700.0,11.5,270,22.7,2.3,0.317,kalt,trocken
2024-12-20 02:00:00,2.2,88,0.1,0.1,0.0,0.0,80,1018.7,968.5,100,67,100,0,15380.0,8.7,277,22.7,1.7,0.317,kalt,leicht
2024-12-20 03:00:00,1.9,90,0.0,0.0,0.0,0.0,80,1019.5,969.2,62,55,13,0,11600.0,7.2,264,18.0,1.5,0.317,kalt,trocken
2024-12-20 04:00:00,1.5,90,0.0,0.0,0.0,0.0,3,1020.2,969.8,87,46,72,0,12160.0,6.2,260,13.3,0.8,0.317,kalt,trocken
2024-12-20 05:00:00,1.3,91,0.0,0.0,0.0,0.0,2,1020.9,970.5,52,49,5,0,11320.0,5.2,258,13.3,0.6,0.319,kalt,trocken
2024-12-20 06:00:00,0.9,91,0.0,0.0,0.0,0.0,3,1022.1,971.5,83,53,61,0,11100.0,3.7,281,11.5,0.2,0.319,kalt,trocken
2024-12-20 07:00:00,1.1,89,0.0,0.0,0.0,0.0,3,1023.1,972.5,84,67,59,0,16780.0,4.3,246,9.4,0.3,0.319,kalt,trocken
2024-12-20 08:00:00,1.0,89,0.0,0.0,0.0,0.0,3,1023.3,972.7,90,69,81,0,15120.0,5.2,236,11.9,0.5,0.319,kalt,trocken
2024-12-20 09:00:00,1.3,87,0.0,0.0,0.0,0.0,3,1024.1,973.5,99,84,97,0,19000.0,3.6,276,11.2,0.9,0.32,kalt,trocken
2024-12-20 10:00:00,1.9,84,0.0,0.0,0.0,0.0,3,1024.7,974.2,95,81,90,0,24820.0,4.0,260,11.2,2.1,0.32,kalt,trocken
2024-12-20 11:00:00,2.7,78,0.0,0.0,0.0,0.0,3,1025.4,975.0,100,100,0,0,35440.0,11.2,276,23.8,3.2,0.32,kalt,trocken
2024-12-20 12:00:00,2.9,78,0.0,0.0,0.0,0.0,3,1025.3,974.9,100,100,10,0,31340.0,11.2,274,25.6,3.6,0.32,kalt,trocken
2024-12-20 13:00:00,3.1,75,0.0,0.0,0.0,0.0,3,1025.5,975.2,96,90,44,0,37480.0,11.2,270,23.4,3.7,0.32,kalt,trocken
2024-12-20 14:00:00,3.3,78,0.0,0.0,0.0,0.0,3,1025.0,974.7,81,68,27,0,33300.0,11.2,270,25.2,3.9,0.32,kalt,trocken
2024-12-20 15:00:00,3.4,78,0.0,0.0,0.0,0.0,3,1025.9,975.6,81,78,6,0,33560.0,9.4,270,24.1,3.5,0.32,kalt,trocken
2024-12-20 16:00:00,2.8,79,0.1,0.0,0.0,0.0,61,1026.6,976.2,97,94,68,0,34380.0,6.3,246,21.2,2.3,0.321,kalt,leicht
2024-12-20 17:00:00,2.4,82,0.0,0.0,0.0,0.0,3,1026.6,976.1,100,100,0,0,30300.0,5.5,238,13.3,1.6,0.32,kalt,trocken
2024-12-20 18:00:00,2.0,83,0.0,0.0,0.0,0.0,3,1026.8,976.2,100,100,0,100,28480.0,3.1,234,12.2,1.3,0.32,kalt,trocken
2024-12-20 19:00:00,1.9,83,0.0,0.0,0.0,0.0,3,1027.3,976.7,97,40,0,93,30660.0,2.6,254,7.2,0.6,0.32,kalt,trocken
2024-12-20 20:00:00,1.4,85,0.0,0.0,0.0,0.0,2,1027.2,976.5,71,71,0,0,29540.0,1.9,248,5.4,0.2,0.32,kalt,trocken
2024-12-20 21:00:00,1.1,85,0.0,0.0,0.0,0.0,2,1028.2,977.4,66,66,0,0,28880.0,1.8,281,3.2,0.2,0.32,kalt,trocken
2024-12-20 22:00:00,0.8,88,0.0,0.0,0.0,0.0,1,1028.7,977.8,47,33,28,0,18660.0,4.2,160,9.7,-0.3,0.319,kalt,trocken
2024-12-20 23:00:00,0.4,88,0.0,0.0,0.0,0.0,2,1028.4,977.4,80,46,60,0,19240.0,5.0,159,10.8,-0.4,0.32,kalt,trocken
2024-12-21 00:00:00,0.3,84,0.0,0.0,0.0,0.0,3,1028.2,977.2,81,0,81,0,28060.0,4.5,166,11.2,-0.6,0.319,kalt,trocken
2024-12-21 01:00:00,0.5,80,0.0,0.0,0.0,0.0,2,1028.4,977.5,99,8,98,0,36800.0,5.1,172,10.1,-0.5,0.319,kalt,trocken
2024-12-21 02:00:00,0.5,81,0.0,0.0,0.0,0.0,3,1028.3,977.4,100,0,100,75,33240.0,6.4,164,14.0,-0.3,0.318,kalt,trocken
2024-12-21 03:00:00,0.6,80,0.0,0.0,0.0,0.0,3,1028.1,977.2,100,0,100,100,36740.0,5.2,168,13.7,-0.2,0.317,kalt,trocken
2024-12-21 04:00:00,1.0,74,0.0,0.0,0.0,0.0,3,1028.2,977.3,100,4,100,100,47780.0,5.4,180,11.5,-0.1,0.309,kalt,trocken
2024-12-21 05:00:00,0.9,74,0.0,0.0,0.0,0.0,3,1027.4,976.6,92,66,88,23,47680.0,5.4,176,12.6,-0.2,0.311,kalt,trocken
2024-12-21 06:00:00,1.0,75,0.0,0.0,0.0,0.0,3,1027.4,976.6,100,61,100,52,47780.0,3.8,163,11.9,-0.2,0.312,kalt,trocken
2024-12-21 07:00:00,1.0,76,0.0,0.0,0.0,0.0,2,1027.6,976.8,84,76,65,0,45920.0,4.7,148,9.7,-0.2,0.312,kalt,trocken
2024-12-21 08:00:00,0.9,75,0.0,0.0,0.0,0.0,2,1026.4,975.6,63,53,29,0,45620.0,6.5,146,13.0,-0.2,0.312,kalt,trocken
2024-12-21 09:00:00,0.9,76,0.0,0.0,0.0,0.0,2,1026.3,975.5,45,40,8,0,45000.0,5.1,135,13.3,-0.2,0.312,kalt,trocken
2024-12-21 10:00:00,1.6,76,0.0,0.0,0.0,0.0,2,1026.4,975.8,81,63,75,0,44200.0,5.6,140,10.8,1.3,0.312,kalt,trocken
2024-12-21 11:00:00,3.2,69,0.0,0.0,0.0,0.0,3,1026.0,975.7,92,91,81,0,54940.0,2.5,135,13.0,3.7,0.313,kalt,trocken
2024-12-21 12:00:00,3.8,65,0.0,0.0,0.0,0.0,3,1025.3,975.1,100,99,59,0,60920.0,3.1,159,7.9,4.1,0.313,kalt,trocken
2024-12-21 13:00:00,4.8,56,0.0,0.0,0.0,0.0,3,1024.8,974.8,93,78,52,63,69060.0,6.8,205,8.3,5.4,0.313,kalt,trocken
2024-12-21 14:00:00,5.2,57,0.0,0.0,0.0,0.0,2,1023.7,973.8,75,61,49,0,68240.0,7.1,195,17.6,5.5,0.313,kalt,trocken
2024-12-21 15:00:00,5.3,59,0.0,0.0,0.0,0.0,3,1023.1,973.3,88,56,68,8,67320.0,6.3,204,16.2,4.8,0.313,kalt,trocken
2024-12-21 16:00:00,4.9,62,0.0,0.0,0.0,0.0,3,1023.6,973.7,87,79,83,0,64140.0,7.2,186,13.7,3.9,0.313,kalt,trocken
2024-12-21 17:00:00,4.5,64,0.0,0.0,0.0,0.0,3,1022.7,972.7,100,93,100,0,61900.0,6.7,196,16.2,3.4,0.313,kalt,trocken
2024-12-21 18:00:00,4.4,65,0.0,0.0,0.0,0.0,3,1022.5,972.5,100,100,94,0,61120.0,7.5,215,17.6,3.5,0.313,kalt,trocken
2024-12-21 19:00:00,4.6,66,0.0,0.0,0.0,0.0,3,1022.9,972.9,100,85,100,100,60200.0,6.3,193,20.2,3.5,0.314,kalt,trocken
2024-12-21 20:00:00,4.7,66,0.0,0.0,0.0,0.0,3,1021.7,971.8,100,8,100,100,59100.0,8.2,209,20.2,3.7,0.314,kalt,trocken
2024-12-21 21:00:00,4.8,71,0.1,0.1,0.0,0.0,61,1021.8,971.9,100,100,100,100,27720.0,8.7,232,19.8,3.8,0.315,kalt,leicht
2024-12-21 22:00:00,4.5,80,0.6,0.6,0.0,0.0,61,1021.2,971.3,100,73,100,100,33420.0,9.4,223,25.2,3.5,0.323,kalt,leicht
2024-12-21 23:00:00,5.0,81,1.3,1.3,0.0,0.0,61,1020.8,971.0,100,100,100,83,12840.0,11.2,222,24.8,4.1,0.341,kalt,leicht
2024-12-22 00:00:00,5.2,81,0.9,0.9,0.0,0.0,61,1019.5,969.8,100,84,100,100,19080.0,12.1,217,29.9,4.3,0.335,kalt,leicht
2024-12-22 01:00:00,4.7,85,0.8,0.8,0.0,0.0,61,1019.1,969.4,100,92,100,24,23960.0,9.4,180,26.6,4.1,0.334,kalt,leicht
2024-12-22 02:00:00,5.2,80,0.4,0.4,0.0,0.0,61,1016.9,967.4,100,86,100,100,18960.0,9.0,196,21.2,4.3,0.335,kalt,leicht
2024-12-22 03:00:00,5.8,77,2.4,2.4,0.0,0.0,61,1015.2,965.8,100,84,100,100,12580.0,12.5,229,27.4,4.8,0.354,kalt,leicht
2024-12-22 04:00:00,5.3,83,2.4,2.4,0.0,0.0,61,1014.0,964.6,100,69,94,92,14880.0,13.3,218,36.0,4.1,0.363,kalt,leicht
2024-12-22 05:00:00,5.8,80,0.3,0.3,0.0,0.0,61,1012.1,962.9,100,48,99,89,22060.0,16.0,216,39.2,4.9,0.35,kalt,leicht
2024-12-22 06:00:00,6.5,77,0.2,0.2,0.0,0.0,61,1010.0,961.0,100,75,100,16,39300.0,16.8,211,37.1,5.5,0.346,kalt,leicht
2024-12-22 07:00:00,6.4,85,1.1,1.1,0.0,0.0,61,1009.7,960.7,100,100,100,100,13960.0,13.5,209,47.5,5.5,0.358,kalt,leicht
2024-12-22 08:00:00,7.6,78,1.1,0.9,0.0,0.0,80,1007.8,959.1,100,100,100,100,9780.0,21.5,230,48.2,6.7,0.359,kalt,leicht
2024-12-22 09:00:00,7.0,81,2.4,2.3,0.0,0.0,61,1008.0,959.2,100,100,100,100,5440.0,22.9,263,50.4,6.3,0.369,kalt,leicht
2024-12-22 10:00:00,4.7,79,2.9,2.9,0.0,0.0,63,1010.1,960.8,100,72,100,100,9380.0,18.9,252,54.7,3.6,0.372,kalt,leicht
2024-12-22 11:00:00,4.4,84,0.4,0.4,0.0,0.0,61,1009.2,959.9,100,72,100,100,21940.0,15.1,198,40.0,4.2,0.36,kalt,leicht
2024-12-22 12:00:00,5.0,82,0.3,0.2,0.0,0.0,80,1008.1,958.9,100,85,100,100,27760.0,13.4,211,33.8,4.8,0.357,kalt,leicht
2024-12-22 13:00:00,5.1,82,1.1,1.0,0.0,0.0,61,1008.6,959.4,100,54,100,0,28160.0,15.5,239,31.3,4.7,0.363,kalt,leicht
2024-12-22 14:00:00,4.6,80,0.7,0.7,0.0,0.0,61,1007.7,958.5,100,83,100,0,30820.0,15.1,270,42.1,4.3,0.359,kalt,leicht
2024-12-22 15:00:00,4.5,76,0.0,0.0,0.0,0.0,61,1008.4,959.1,100,63,100,0,39940.0,11.4,246,41.0,4.3,0.355,kalt,trocken
2024-12-22 16:00:00,3.9,80,0.2,0.0,0.0,0.0,61,1009.3,959.9,100,74,100,0,32040.0,9.2,225,32.4,3.3,0.353,kalt,leicht
2024-12-22 17:00:00,3.3,82,0.1,0.0,0.0,0.0,80,1008.9,959.4,100,74,100,0,29840.0,9.2,191,27.4,2.8,0.352,kalt,leicht
2024-12-22 18:00:00,2.9,82,0.1,0.0,0.0,0.0,61,1008.8,959.2,100,31,100,0,28120.0,8.1,193,25.9,2.4,0.35,kalt,leicht
2024-12-22 19:00:00,2.5,85,0.1,0.1,0.0,0.0,61,1008.6,959.0,100,100,100,0,4260.0,4.1,225,20.2,2.5,0.357,kalt,leicht
2024-12-22 20:00:00,0.4,100,3.6,2.9,0.49,0.01,73,1009.2,959.2,100,98,100,0,460.0,1.8,233,5.4,0.5,0.358,kalt,leicht
2024-12-22 21:00:00,1.0,94,0.2,0.0,0.14,0.01,71,1009.6,959.7,100,92,100,0,5200.0,7.2,288,16.6,0.8,0.353,kalt,leicht
2024-12-22 22:00:00,0.9,93,0.1,0.0,0.0,0.01,71,1010.8,960.8,100,51,100,0,6420.0,7.3,281,21.6,0.6,0.351,kalt,leicht
2024-12-22 23:00:00,1.0,91,0.2,0.0,0.0,0.01,71,1011.7,961.7,100,99,100,0,9780.0,8.0,275,21.2,0.7,0.35,kalt,leicht
2024-12-23 00:00:00,0.9,89,0.0,0.0,0.0,0.01,2,1012.6,962.5,74,74,0,0,16040.0,9.7,266,22.7,0.5,0.346,kalt,trocken
2024-12-23 01:00:00,0.9,87,0.0,0.0,0.0,0.01,3,1013.5,963.4,81,46,63,0,20040.0,9.6,257,21.6,0.2,0.343,kalt,trocken
2024-12-23 02:00:00,0.7,86,0.0,0.0,0.0,0.01,3,1013.2,963.0,100,79,100,0,22980.0,7.3,250,21.6,0.2,0.341,kalt,trocken
2024-12-23 03:00:00,0.6,86,0.0,0.0,0.0,0.01,71,1013.1,962.9,100,42,100,0,22720.0,6.2,234,15.8,0.2,0.34,kalt,trocken
2024-12-23 04:00:00,0.8,84,0.0,0.0,0.0,0.01,3,1012.8,962.7,100,38,100,0,25620.0,6.4,218,15.1,0.2,0.33,kalt,trocken
2024-12-23 05:00:00,0.8,85,0.0,0.0,0.0,0.01,3,1012.2,962.1,100,68,100,0,25160.0,6.6,202,15.8,0.2,0.331,kalt,trocken
2024-12-23 06:00:00,0.4,92,0.1,0.0,0.07,0.01,71,1012.2,962.0,100,100,100,0,4300.0,6.1,208,14.4,0.2,0.331,kalt,leicht
2024-12-23 07:00:00,0.3,95,1.3,0.0,0.91,0.03,73,1012.0,961.8,100,100,100,0,2500.0,6.5,177,17.6,0.3,0.331,kalt,leicht
2024-12-23 08:00:00,0.3,95,0.5,0.0,0.35,0.03,85,1012.0,961.8,94,91,80,0,4900.0,4.3,185,16.2,0.2,0.331,kalt,leicht
2024-12-23 09:00:00,0.8,91,0.0,0.0,0.0,0.03,85,1012.8,962.7,100,100,86,0,11040.0,3.3,229,10.8,0.5,0.332,kalt,trocken
2024-12-23 10:00:00,0.9,92,0.0,0.0,0.0,0.04,71,1013.7,963.5,100,100,100,0,9140.0,1.8,217,7.9,0.7,0.335,kalt,trocken
2024-12-23 11:00:00,1.2,91,0.0,0.0,0.0,0.04,61,1014.4,964.3,100,100,100,0,6540.0,2.2,261,5.4,1.1,0.339,kalt,trocken
2024-12-23 12:00:00,1.5,92,0.2,0.0,0.0,0.04,61,1015.1,965.0,100,98,100,0,7800.0,4.2,290,9.4,1.4,0.341,kalt,leicht
2024-12-23 13:00:00,1.1,95,0.1,0.1,0.0,0.03,53,1016.1,965.9,100,94,100,0,1240.0,4.0,280,17.3,1.0,0.345,kalt,leicht
2024-12-23 14:00:00,1.8,92,0.4,0.4,0.07,0.03,61,1016.1,966.0,100,100,99,0,6720.0,5.5,281,12.2,1.6,0.347,kalt,leicht
2024-12-23 15:00:00,2.3,89,0.1,0.1,0.0,0.03,61,1016.8,966.7,100,100,100,0,14640.0,6.2,291,13.7,1.7,0.344,kalt,leicht
2024-12-23 16:00:00,2.2,91,0.7,0.7,0.0,0.02,80,1018.0,967.9,99,87,91,0,10560.0,7.6,289,20.2,1.7,0.345,kalt,leicht
2024-12-23 17:00:00,2.1,88,0.0,0.0,0.0,0.02,61,1019.5,969.3,98,75,92,0,15660.0,7.3,281,20.2,1.3,0.343,kalt,trocken
2024-12-23 18:00:00,2.1,87,0.0,0.0,0.0,0.02,3,1020.4,970.1,100,85,100,0,18440.0,6.2,280,15.5,1.3,0.341,kalt,trocken
2024-12-23 19:00:00,2.3,90,0.0,0.0,0.0,0.02,61,1021.5,971.2,99,98,98,0,13060.0,6.3,283,14.4,1.6,0.344,kalt,trocken
2024-12-23 20:00:00,2.2,89,0.0,0.0,0.0,0.02,80,1022.1,971.8,93,85,89,0,14340.0,7.6,275,18.7,1.4,0.342,kalt,trocken
2024-12-23 21:00:00,1.8,90,0.0,0.0,0.0,0.02,3,1023.6,973.1,100,77,100,0,13800.0,5.2,282,17.3,1.0,0.341,kalt,trocken
2024-12-23 22:00:00,2.1,88,0.0,0.0,0.0,0.02,3,1024.2,973.7,99,29,99,0,17520.0,4.4,261,11.5,1.1,0.34,kalt,trocken
2024-12-23 23:00:00,1.7,91,0.0,0.0,0.0,0.02,3,1025.2,974.6,93,81,72,0,11160.0,6.1,273,14.4,1.0,0.34,kalt,trocken
2024-12-24 00:00:00,1.6,92,0.0,0.0,0.0,0.02,3,1025.5,974.9,89,80,73,0,10080.0,4.0,275,12.2,0.8,0.339,kalt,trocken
2024-12-24 01:00:00,1.6,92,0.2,0.0,0.0,0.01,71,1025.3,974.7,94,57,81,0,9400.0,4.3,265,11.5,0.8,0.339,kalt,leicht
2024-12-24 02:00:00,1.5,92,0.0,0.0,0.0,0.01,3,1026.1,975.4,98,49,94,0,9920.0,3.8,253,10.8,0.7,0.338,kalt,trocken
2024-12-24 03:00:00,1.6,91,0.0,0.0,0.0,0.01,3,1026.7,976.0,98,87,91,0,11280.0,3.0,256,9.0,0.9,0.338,kalt,trocken
2024-12-24 04:00:00,1.6,91,0.0,0.0,0.0,0.01,3,1026.7,976.0,99,84,97,0,11220.0,2.8,220,7.2,0.9,0.327,kalt,trocken
2024-12-24 05:00:00,1.6,90,0.0,0.0,0.0,0.01,3,1027.3,976.6,93,86,74,0,13040.0,2.7,247,8.3,0.9,0.329,kalt,trocken
2024-12-24 06:00:00,1.4,91,0.0,0.0,0.0,0.01,3,1027.9,977.1,90,53,75,0,11980.0,1.8,233,6.8,0.5,0.329,kalt,trocken
2024-12-24 07:00:00,1.2,93,0.0,0.0,0.0,0.02,3,1028.2,977.4,91,48,77,0,11960.0,1.8,281,4.0,0.2,0.33,kalt,trocken
2024-12-24 08:00:00,1.1,94,0.0,0.0,0.0,0.02,3,1028.2,977.4,100,83,100,0,8740.0,0.8,243,5.0,0.4,0.33,kalt,trocken
2024-12-24 09:00:00,1.4,92,0.0,0.0,0.0,0.02,3,1028.7,977.9,95,82,64,0,9760.0,1.6,333,3.6,0.6,0.33,kalt,trocken
2024-12-24 10:00:00,1.9,91,0.0,0.0,0.0,0.02,2,1028.8,978.1,83,78,8,0,9640.0,1.0,225,2.9,2.1,0.333,kalt,trocken
2024-12-24 11:00:00,2.5,88,0.0,0.0,0.0,0.02,3,1030.0,979.3,94,94,0,32,12340.0,3.8,319,9.4,2.7,0.333,kalt,trocken
2024-12-24 12:00:00,3.1,84,0.0,0.0,0.0,0.01,3,1030.4,979.8,97,92,50,47,18840.0,3.8,311,10.1,3.8,0.333,kalt,trocken
2024-12-24 13:00:00,3.3,81,0.0,0.0,0.0,0.0,3,1030.4,979.8,100,94,10,100,25740.0,4.4,325,9.4,3.9,0.333,kalt,trocken
2024-12-24 14:00:00,3.5,77,0.0,0.0,0.0,0.0,3,1030.0,979.5,97,93,72,0,34500.0,2.6,304,9.4,4.5,0.333,kalt,trocken
2024-12-24 15:00:00,3.6,74,0.0,0.0,0.0,0.0,3,1030.3,979.8,89,79,57,0,41480.0,3.0,346,7.2,4.2,0.331,kalt,trocken
2024-12-24 16:00:00,3.4,74,0.0,0.0,0.0,0.0,3,1030.5,980.0,96,86,66,0,42000.0,1.9,338,7.9,3.1,0.331,kalt,trocken
2024-12-24 17:00:00,2.9,80,0.0,0.0,0.0,0.0,3,1031.2,980.5,87,55,65,0,35520.0,2.2,81,4.7,1.9,0.331,kalt,trocken
2024-12-24 18:00:00,1.9,88,0.0,0.0,0.0,0.0,3,1032.4,981.5,75,41,54,0,16100.0,3.9,68,7.9,0.8,0.331,kalt,trocken
2024-12-24 19:00:00,0.8,96,0.0,0.0,0.0,0.0,2,1032.9,981.8,64,0,64,0,3360.0,2.7,67,7.6,-0.1,0.331,kalt,trocken
2024-12-24 20:00:00,0.4,95,0.0,0.0,0.0,0.0,2,1033.1,981.9,73,0,73,0,5280.0,2.8,50,7.2,-0.3,0.331,kalt,trocken
2024-12-24 21:00:00,0.2,96,0.0,0.0,0.0,0.0,2,1034.0,982.7,74,0,74,0,4180.0,3.6,45,7.9,-0.4,0.331,kalt,trocken
2024-12-24 22:00:00,-0.1,96,0.0,0.0,0.0,0.0,3,1034.8,983.4,96,8,92,0,3660.0,3.0,76,7.6,-0.5,0.331,kalt,trocken
2024-12-24 23:00:00,0.0,95,0.0,0.0,0.0,0.0,3,1034.7,983.4,77,0,77,0,4740.0,3.5,24,6.8,-0.4,0.331,kalt,trocken
2024-12-25 00:00:00,-0.5,98,0.0,0.0,0.0,0.0,45,1034.9,983.4,77,55,50,0,2220.0,4.3,355,10.4,-0.7,0.331,kalt,trocken
2024-12-25 01:00:00,-1.1,100,0.0,0.0,0.0,0.0,45,1035.9,984.3,100,100,46,12,360.0,4.3,5,12.6,-0.7,0.33,kalt,trocken
2024-12-25 02:00:00,-1.1,100,0.0,0.0,0.0,0.0,45,1036.3,984.7,100,100,45,0,320.0,3.7,349,11.5,-0.7,0.33,kalt,trocken
2024-12-25 03:00:00,-1.2,100,0.0,0.0,0.0,0.0,45,1036.3,984.6,100,100,0,0,320.0,4.5,346,11.5,-0.9,0.329,kalt,trocken
2024-12-25 04:00:00,-1.4,99,0.0,0.0,0.0,0.0,45,1036.9,985.2,100,100,0,1,420.0,4.3,355,12.2,-1.5,0.32,kalt,trocken
2024-12-25 05:00:00,-1.6,100,0.0,0.0,0.0,0.0,45,1036.4,984.7,100,100,0,0,300.0,4.7,337,10.8,-1.2,0.32,kalt,trocken
2024-12-25 06:00:00,-1.3,98,0.0,0.0,0.0,0.0,45,1037.0,985.3,100,100,0,0,720.0,4.7,351,12.2,-1.0,0.319,kalt,trocken
2024-12-25 07:00:00,-1.1,94,0.0,0.0,0.0,0.0,45,1037.5,985.8,95,95,0,0,3920.0,3.3,354,11.9,-0.9,0.319,kalt,trocken
2024-12-25 08:00:00,-1.2,95,0.0,0.0,0.0,0.0,45,1037.8,986.1,90,82,20,0,3360.0,3.2,333,7.6,-1.3,0.319,kalt,trocken
2024-12-25 09:00:00,-1.3,95,0.0,0.0,0.0,0.0,45,1038.2,986.4,65,59,9,0,3640.0,2.6,344,7.2,-1.3,0.319,kalt,trocken
2024-12-25 10:00:00,-1.0,93,0.0,0.0,0.0,0.0,2,1038.2,986.5,70,70,0,0,3960.0,2.6,304,7.6,-0.5,0.319,kalt,trocken
2024-12-25 11:00:00,-0.4,88,0.0,0.0,0.0,0.0,2,1037.7,986.1,68,64,6,0,10080.0,3.2,333,9.0,0.8,0.319,kalt,trocken
2024-12-25 12:00:00,0.5,84,0.0,0.0,0.0,0.0,1,1037.6,986.2,54,54,0,0,17580.0,5.0,339,13.0,2.1,0.319,kalt,trocken
2024-12-25 13:00:00,1.2,79,0.0,0.0,0.0,0.0,1,1037.2,985.9,63,33,34,16,26600.0,3.5,336,14.8,3.2,0.32,kalt,trocken
2024-12-25 14:00:00,2.0,75,0.0,0.0,0.0,0.0,1,1036.6,985.5,33,5,0,29,37260.0,2.9,353,9.7,3.2,0.321,kalt,trocken
2024-12-25 15:00:00,2.3,75,0.0,0.0,0.0,0.0,1,1036.4,985.4,36,0,0,36,38860.0,2.5,360,7.6,2.1,0.322,kalt,trocken
2024-12-25 16:00:00,2.3,72,0.0,0.0,0.0,0.0,1,1036.7,985.7,32,0,0,32,47740.0,2.9,7,8.3,1.2,0.32,kalt,trocken
2024-12-25 17:00:00,1.4,78,0.0,0.0,0.0,0.0,2,1036.7,985.5,52,0,0,52,37420.0,4.0,360,9.0,0.2,0.319,kalt,trocken
2024-12-25 18:00:00,0.9,78,0.0,0.0,0.0,0.0,0,1036.8,985.5,0,0,0,0,37280.0,5.5,349,13.0,0.2,0.319,kalt,trocken
2024-12-25 19:00:00,-0.1,81,0.0,0.0,0.0,0.0,0,1036.8,985.3,0,0,0,0,31960.0,4.0,355,13.7,-1.1,0.319,kalt,trocken
2024-12-25 20:00:00,-0.5,84,0.0,0.0,0.0,0.0,0,1036.5,985.0,0,0,0,0,25800.0,4.9,343,11.2,-1.5,0.319,kalt,trocken
2024-12-25 21:00:00,-0.9,88,0.0,0.0,0.0,0.0,1,1036.8,985.2,9,0,0,9,18080.0,4.5,346,11.5,-1.8,0.319,kalt,trocken
2024-12-25 22:00:00,-1.2,93,0.0,0.0,0.0,0.0,3,1037.0,985.3,3,0,0,3,8800.0,5.2,344,14.4,-2.0,0.32,kalt,trocken
2024-12-25 23:00:00,-1.2,93,0.0,0.0,0.0,0.0,1,1036.7,985.0,27,0,0,27,8780.0,5.9,346,14.4,-1.9,0.32,kalt,trocken
2024-12-26 00:00:00,-1.3,94,0.0,0.0,0.0,0.0,0,1036.7,985.0,0,0,0,0,7300.0,5.7,342,15.1,-1.9,0.32,kalt,trocken
2024-12-26 01:00:00,-1.7,96,0.0,0.0,0.0,0.0,1,1036.9,985.1,41,41,0,0,3140.0,5.2,344,14.8,-2.1,0.32,kalt,trocken
2024-12-26 02:00:00,-1.7,97,0.0,0.0,0.0,0.0,48,1036.3,984.6,60,60,0,0,3020.0,6.3,336,14.8,-1.9,0.32,kalt,trocken
2024-12-26 03:00:00,-1.7,96,0.0,0.0,0.0,0.0,48,1036.5,984.8,53,53,0,0,3900.0,6.6,338,15.8,-1.9,0.32,kalt,trocken
2024-12-26 04:00:00,-1.6,96,0.0,0.0,0.0,0.0,1,1036.7,984.9,86,86,0,0,3160.0,5.9,346,15.8,-1.9,0.311,kalt,trocken
2024-12-26 05:00:00,-1.7,95,0.0,0.0,0.0,0.0,48,1036.5,984.8,72,72,0,0,3700.0,6.4,344,14.8,-1.8,0.311,kalt,trocken
2024-12-26 06:00:00,-1.7,94,0.0,0.0,0.0,0.0,2,1036.8,985.0,58,58,0,0,4900.0,6.5,341,15.8,-1.9,0.311,kalt,trocken
2024-12-26 07:00:00,-1.7,95,0.0,0.0,0.0,0.0,2,1036.5,984.8,84,84,0,0,3920.0,5.6,345,15.5,-1.8,0.311,kalt,trocken
2024-12-26 08:00:00,-1.7,94,0.0,0.0,0.0,0.0,2,1036.6,984.8,65,65,0,0,5140.0,6.0,343,14.4,-1.8,0.311,kalt,trocken
2024-12-26 09:00:00,-1.8,92,0.0,0.0,0.0,0.0,2,1036.2,984.4,49,49,0,0,7180.0,6.2,339,15.1,-1.8,0.312,kalt,trocken
2024-12-26 10:00:00,-1.2,89,0.0,0.0,0.0,0.0,1,1037.2,985.5,74,74,0,0,10120.0,5.4,340,16.6,-0.8,0.312,kalt,trocken
2024-12-26 11:00:00,-0.6,86,0.0,0.0,0.0,0.0,2,1036.9,985.3,55,55,0,0,14900.0,6.6,351,15.8,0.0,0.311,kalt,trocken
2024-12-26 12:00:00,0.3,80,0.0,0.0,0.0,0.0,1,1036.0,984.6,41,41,0,0,26560.0,6.1,3,16.6,1.1,0.311,kalt,trocken
2024-12-26 13:00:00,0.4,82,0.0,0.0,0.0,0.0,1,1035.9,984.6,70,70,0,0,20320.0,3.6,360,15.8,1.1,0.312,kalt,trocken
2024-12-26 14:00:00,0.9,80,0.0,0.0,0.0,0.0,2,1035.4,984.2,49,49,0,0,27260.0,4.0,355,11.2,1.1,0.312,kalt,trocken
2024-12-26 15:00:00,1.1,81,0.0,0.0,0.0,0.0,1,1035.4,984.2,39,39,0,0,29160.0,3.6,354,10.4,0.6,0.313,kalt,trocken
2024-12-26 16:00:00,0.3,83,0.0,0.0,0.0,0.0,1,1036.3,984.9,31,31,0,0,22240.0,2.9,270,8.3,-0.1,0.313,kalt,trocken
2024-12-26 17:00:00,-0.4,88,0.0,0.0,0.0,0.0,1,1036.3,984.8,0,0,0,0,16320.0,1.9,292,7.6,-1.0,0.313,kalt,trocken
2024-12-26 18:00:00,-0.7,89,0.0,0.0,0.0,0.0,0,1036.1,984.6,0,0,0,0,18420.0,1.9,338,3.6,-1.7,0.313,kalt,trocken
2024-12-26 19:00:00,-1.5,92,0.0,0.0,0.0,0.0,0,1036.7,985.0,3,3,0,0,9980.0,2.2,360,3.2,-2.4,0.313,kalt,trocken
2024-12-26 20:00:00,-1.8,93,0.0,0.0,0.0,0.0,1,1036.1,984.4,4,4,0,0,9320.0,2.9,360,4.0,-2.8,0.313,kalt,trocken
2024-12-26 21:00:00,-2.0,93,0.0,0.0,0.0,0.0,1,1036.6,984.8,5,5,0,0,8480.0,3.4,18,5.8,-2.9,0.313,kalt,trocken
2024-12-26 22:00:00,-2.5,95,0.0,0.0,0.0,0.0,45,1037.0,985.1,41,41,0,0,4700.0,3.3,347,7.6,-2.9,0.313,kalt,trocken
2024-12-26 23:00:00,-2.6,96,0.0,0.0,0.0,0.0,45,1036.5,984.6,61,60,0,1,3640.0,3.6,360,7.9,-2.9,0.313,kalt,trocken
2024-12-27 00:00:00,-2.7,97,0.0,0.0,0.0,0.0,45,1036.3,984.4,57,55,0,5,2720.0,3.3,347,7.9,-3.0,0.313,kalt,trocken
2024-12-27 01:00:00,-1.9,94,0.0,0.0,0.0,0.0,45,1035.8,984.0,92,92,0,0,7140.0,2.9,353,7.9,-2.2,0.313,kalt,trocken
2024-12-27 02:00:00,-1.9,93,0.0,0.0,0.0,0.0,3,1035.9,984.1,99,99,0,0,7360.0,3.4,342,7.6,-1.9,0.313,kalt,trocken
2024-12-27 03:00:00,-1.8,92,0.0,0.0,0.0,0.0,3,1036.3,984.5,95,95,0,0,7760.0,1.8,323,7.6,-1.9,0.313,kalt,trocken
2024-12-27 04:00:00,-1.5,93,0.0,0.0,0.0,0.0,3,1036.4,984.7,100,100,0,0,5180.0,1.0,315,4.0,-1.7,0.307,kalt,trocken
2024-12-27 05:00:00,-1.6,94,0.0,0.0,0.0,0.0,3,1036.5,984.8,100,100,0,0,4180.0,0.8,333,3.2,-1.6,0.307,kalt,trocken
2024-12-27 06:00:00,-1.6,93,0.0,0.0,0.0,0.0,3,1036.2,984.5,100,100,0,0,4480.0,0.5,45,1.4,-1.5,0.307,kalt,trocken
2024-12-27 07:00:00,-1.7,94,0.0,0.0,0.0,0.0,3,1036.2,984.5,100,100,0,0,3300.0,0.8,63,4.0,-1.5,0.307,kalt,trocken
2024-12-27 08:00:00,-1.6,94,0.0,0.0,0.0,0.0,45,1036.5,984.8,95,95,0,0,3860.0,1.3,56,5.0,-1.4,0.307,kalt,trocken
2024-12-27 09:00:00,-1.5,93,0.0,0.0,0.0,0.0,3,1037.1,985.3,100,100,0,0,4320.0,0.8,117,3.2,-1.3,0.307,kalt,trocken
2024-12-27 10:00:00,-1.4,93,0.0,0.0,0.0,0.0,3,1037.2,985.5,93,93,0,0,4220.0,1.1,162,2.2,-0.7,0.307,kalt,trocken
2024-12-27 11:00:00,-1.0,91,0.0,0.0,0.0,0.0,3,1037.0,985.4,70,70,0,0,6280.0,1.6,27,5.0,-0.0,0.307,kalt,trocken
2024-12-27 12:00:00,-0.3,87,0.0,0.0,0.0,0.0,2,1036.3,984.8,48,48,0,0,11760.0,0.5,45,5.4,0.9,0.307,kalt,trocken
2024-12-27 13:00:00,-0.3,85,0.0,0.0,0.0,0.0,2,1036.2,984.7,46,46,0,0,14740.0,0.4,360,5.0,0.7,0.307,kalt,trocken
2024-12-27 14:00:00,0.5,83,0.0,0.0,0.0,0.0,2,1035.2,983.9,38,38,0,0,21380.0,1.6,117,6.1,1.0,0.307,kalt,trocken
2024-12-27 15:00:00,0.8,84,0.0,0.0,0.0,0.0,1,1034.9,983.7,3,3,0,0,19880.0,0.8,27,5.8,0.5,0.307,kalt,trocken
2024-12-27 16:00:00,-0.1,90,0.0,0.0,0.0,0.0,1,1035.2,983.8,60,58,0,5,8040.0,1.5,104,4.7,-0.5,0.307,kalt,trocken
2024-12-27 17:00:00,-0.2,91,0.0,0.0,0.0,0.0,1,1035.1,983.7,11,11,0,0,10280.0,1.9,68,4.3,-1.3,0.307,kalt,trocken
2024-12-27 18:00:00,-0.5,91,0.0,0.0,0.0,0.0,1,1035.3,983.8,6,0,0,6,10340.0,2.3,39,4.0,-1.7,0.307,kalt,trocken
2024-12-27 19:00:00,-0.6,93,0.0,0.0,0.0,0.0,2,1035.9,984.4,27,26,0,7,7760.0,1.8,79,4.0,-2.2,0.307,kalt,trocken
2024-12-27 20:00:00,-0.8,96,0.0,0.0,0.0,0.0,45,1035.6,984.1,68,52,0,39,3700.0,1.5,14,2.5,-2.4,0.307,kalt,trocken
2024-12-27 21:00:00,-2.2,100,0.0,0.0,0.0,0.0,45,1035.7,983.9,96,96,0,51,680.0,2.6,34,5.8,-2.1,0.307,kalt,trocken
2024-12-27 22:00:00,-2.1,100,0.0,0.0,0.0,0.0,45,1036.3,984.5,100,100,0,86,520.0,2.4,27,6.5,-1.9,0.307,kalt,trocken
2024-12-27 23:00:00,-2.1,100,0.0,0.0,0.0,0.0,45,1035.7,983.9,100,100,0,100,440.0,0.8,63,5.4,-1.7,0.307,kalt,trocken
