datetime,temperature_2m,relative_humidity_2m,precipitation,rain,snowfall,snow_depth,weather_code,pressure_msl,surface_pressure,cloud_cover,cloud_cover_low,cloud_cover_mid,cloud_cover_high,wind_speed_10m,wind_direction_10m,wind_gusts_10m,soil_temperature_0_to_7cm,soil_moisture_0_to_7cm,enriched_temp_category,enriched_precipitation_category
2024-12-14 00:00:00,-1.4,100,0.0,0.0,0.0,0.0,3,1026.7,975.5,100,100,11,99,0.4,270,3.2,0.8,0.373,kalt,trocken
2024-12-14 01:00:00,-1.4,100,0.0,0.0,0.0,0.0,3,1026.2,975.0,100,100,4,100,0.4,270,4.0,0.8,0.373,kalt,trocken
2024-12-14 02:00:00,-0.3,99,0.0,0.0,0.0,0.0,3,1026.2,975.2,100,100,97,100,2.7,157,9.4,1.8,0.373,kalt,trocken
2024-12-14 03:00:00,-0.2,100,0.0,0.0,0.0,0.0,3,1025.9,974.9,100,100,71,100,3.1,159,9.4,1.5,0.373,kalt,trocken
2024-12-14 04:00:00,-0.5,100,0.0,0.0,0.0,0.0,3,1025.5,974.5,100,100,57,84,1.7,212,9.0,1.3,0.373,kalt,trocken
2024-12-14 05:00:00,-1.0,100,0.0,0.0,0.0,0.0,3,1025.0,973.9,100,99,56,99,1.4,220,6.8,1.3,0.373,kalt,trocken
2024-12-14 06:00:00,-1.4,99,0.0,0.0,0.0,0.0,3,1024.6,973.5,100,96,90,79,1.2,219,6.8,1.2,0.372,kalt,trocken
2024-12-14 07:00:00,-0.9,100,0.0,0.0,0.0,0.0,3,1024.2,973.2,100,100,92,95,1.7,193,6.8,1.2,0.372,kalt,trocken
2024-12-14 08:00:00,-0.3,100,0.0,0.0,0.0,0.0,3,1024.3,973.4,100,100,100,99,2.2,180,7.6,1.1,0.372,kalt,trocken
2024-12-14 09:00:00,0.9,98,0.0,0.0,0.0,0.0,3,1024.5,973.8,100,87,100,99,4.3,185,10.1,1.1,0.372,kalt,trocken
2024-12-14 10:00:00,1.7,98,0.0,0.0,0.0,0.0,3,1024.5,974.0,100,62,100,100,4.3,185,10.4,1.2,0.372,kalt,trocken
2024-12-14 11:00:00,2.3,96,0.0,0.0,0.0,0.0,3,1024.8,974.3,100,95,100,100,3.8,188,10.4,1.3,0.372,kalt,trocken
2024-12-14 12:00:00,2.7,94,0.2,0.2,0.0,0.0,51,1024.7,974.3,100,98,100,100,3.4,223,10.4,1.5,0.375,kalt,leicht
2024-12-14 13:00:00,2.7,95,0.4,0.4,0.0,0.0,51,1024.3,974.0,100,100,100,99,7.6,239,17.6,2.1,0.38,kalt,leicht
2024-12-14 14:00:00,2.0,99,0.5,0.5,0.0,0.0,53,1024.8,974.3,100,100,100,95,5.6,230,14.0,1.1,0.384,kalt,leicht
2024-12-14 15:00:00,1.9,100,0.6,0.6,0.0,0.0,53,1024.8,974.3,100,100,100,17,6.4,216,14.4,1.1,0.391,kalt,leicht
2024-12-14 16:00:00,2.0,99,0.3,0.3,0.0,0.01,51,1024.8,974.3,100,100,100,98,7.2,215,16.6,1.2,0.395,kalt,leicht
2024-12-14 17:00:00,2.2,98,0.1,0.1,0.0,0.01,51,1025.2,974.7,100,95,100,99,7.2,231,16.9,1.3,0.395,kalt,leicht
2024-12-14 18:00:00,2.4,97,0.1,0.1,0.0,0.01,51,1025.5,975.0,100,100,100,61,7.9,243,17.6,1.4,0.395,kalt,leicht
2024-12-14 19:00:00,2.4,98,0.3,0.3,0.0,0.01,51,1025.9,975.4,100,100,100,5,9.2,242,20.9,1.6,0.398,kalt,leicht
2024-12-14 20:00:00,2.3,98,0.3,0.3,0.0,0.01,51,1026.5,976.0,100,100,100,0,6.5,240,20.5,1.8,0.4,kalt,leicht
2024-12-14 21:00:00,2.4,97,0.1,0.1,0.0,0.01,51,1026.8,976.3,100,100,80,0,4.8,236,15.5,2.0,0.399,kalt,leicht
2024-12-14 22:00:00,2.5,97,0.0,0.0,0.0,0.01,3,1027.1,976.6,100,100,100,0,4.0,240,12.6,2.1,0.398,kalt,trocken
2024-12-14 23:00:00,2.5,97,0.1,0.1,0.0,0.01,51,1027.4,976.9,100,100,100,0,3.9,248,10.8,2.1,0.397,kalt,leicht
2024-12-15 00:00:00,2.6,97,0.2,0.2,0.0,0.01,51,1027.9,977.4,100,100,100,65,6.6,253,14.8,2.2,0.398,kalt,leicht
2024-12-15 01:00:00,2.6,95,0.1,0.1,0.0,0.01,51,1028.2,977.6,100,100,93,8,8.8,270,19.1,2.3,0.397,kalt,leicht
2024-12-15 02:00:00,3.1,94,0.0,0.0,0.0,0.01,3,1028.1,977.6,100,100,100,25,10.6,289,23.0,3.3,0.397,kalt,trocken
2024-12-15 03:00:00,2.7,95,0.0,0.0,0.0,0.01,2,1029.0,978.4,68,42,62,0,8.7,307,23.0,3.0,0.396,kalt,trocken
2024-12-15 04:00:00,1.6,97,0.0,0.0,0.0,0.01,3,1029.7,978.9,95,92,46,0,5.0,251,19.4,2.5,0.395,kalt,trocken
2024-12-15 05:00:00,1.4,96,0.0,0.0,0.0,0.01,3,1030.2,979.3,100,100,46,0,5.0,218,12.6,2.1,0.394,kalt,trocken
2024-12-15 06:00:00,1.5,94,0.0,0.0,0.0,0.01,3,1030.9,980.0,100,100,99,0,5.7,212,13.0,1.8,0.393,kalt,trocken
2024-12-15 07:00:00,2.3,92,0.0,0.0,0.0,0.01,3,1031.3,980.5,99,98,82,0,7.2,219,16.6,1.9,0.392,kalt,trocken
2024-12-15 08:00:00,2.2,92,0.0,0.0,0.0,0.01,3,1032.0,981.2,100,100,50,0,6.9,242,15.8,1.9,0.391,kalt,trocken
2024-12-15 09:00:00,2.3,93,0.0,0.0,0.0,0.01,3,1033.2,982.3,100,100,0,0,7.8,262,16.9,2.1,0.391,kalt,trocken
2024-12-15 10:00:00,2.5,91,0.0,0.0,0.0,0.01,3,1034.1,983.2,100,100,0,0,9.3,257,20.2,2.2,0.39,kalt,trocken
2024-12-15 11:00:00,3.2,87,0.0,0.0,0.0,0.01,3,1034.9,984.1,100,100,0,0,13.1,272,30.2,2.6,0.389,kalt,trocken
2024-12-15 12:00:00,3.7,81,0.0,0.0,0.0,0.01,3,1035.0,984.3,99,99,0,0,11.8,264,29.5,3.1,0.389,kalt,trocken
2024-12-15 13:00:00,4.4,73,0.0,0.0,0.0,0.01,3,1035.1,984.5,100,100,0,0,12.4,257,28.1,3.5,0.388,kalt,trocken
2024-12-15 14:00:00,4.4,72,0.0,0.0,0.0,0.01,2,1036.0,985.4,59,59,3,0,9.9,266,24.5,4.4,0.379,kalt,trocken
2024-12-15 15:00:00,4.3,73,0.0,0.0,0.0,0.01,3,1036.7,986.0,95,95,1,1,9.4,270,23.8,4.3,0.379,kalt,trocken
2024-12-15 16:00:00,3.9,77,0.0,0.0,0.0,0.01,2,1037.1,986.3,64,63,0,1,5.0,268,21.6,4.1,0.378,kalt,trocken
2024-12-15 17:00:00,2.5,86,0.0,0.0,0.0,0.01,1,1037.4,986.4,35,4,27,7,3.0,232,11.5,3.3,0.378,kalt,trocken
2024-12-15 18:00:00,1.7,90,0.0,0.0,0.0,0.01,3,1037.6,986.4,84,1,77,29,3.2,232,8.3,2.4,0.378,kalt,trocken
2024-12-15 19:00:00,1.6,93,0.0,0.0,0.0,0.01,0,1038.6,987.4,7,1,3,4,4.0,297,9.7,1.9,0.377,kalt,trocken
2024-12-15 20:00:00,0.5,94,0.0,0.0,0.0,0.01,0,1039.3,987.8,4,0,3,1,3.1,257,10.1,1.3,0.377,kalt,trocken
2024-12-15 21:00:00,0.5,98,0.0,0.0,0.0,0.01,0,1039.6,988.1,3,0,2,1,1.7,252,8.6,1.2,0.377,kalt,trocken
2024-12-15 22:00:00,0.1,100,0.0,0.0,0.0,0.01,3,1039.9,988.3,99,98,14,8,2.2,270,7.6,1.1,0.377,kalt,trocken
2024-12-15 23:00:00,0.4,100,0.0,0.0,0.0,0.01,3,1040.3,988.7,98,97,24,25,2.5,225,7.6,1.1,0.377,kalt,trocken
2024-12-16 00:00:00,0.5,100,0.0,0.0,0.0,0.01,3,1040.4,988.9,99,94,16,89,4.7,196,11.5,1.1,0.376,kalt,trocken
2024-12-16 01:00:00,0.3,99,0.0,0.0,0.0,0.01,3,1040.2,988.6,96,19,6,95,3.7,194,11.9,1.0,0.376,kalt,trocken
2024-12-16 02:00:00,1.4,94,0.0,0.0,0.0,0.01,3,1040.3,988.9,82,69,16,33,3.3,225,11.2,2.1,0.38,kalt,trocken
2024-12-16 03:00:00,2.0,95,0.0,0.0,0.0,0.01,3,1040.5,989.2,99,97,11,49,4.0,207,10.1,1.8,0.38,kalt,trocken
2024-12-16 04:00:00,2.5,95,0.0,0.0,0.0,0.01,2,1040.4,989.2,61,48,20,13,5.5,199,13.0,1.8,0.38,kalt,trocken
2024-12-16 05:00:00,1.5,96,0.0,0.0,0.0,0.01,2,1040.2,988.8,55,43,16,13,4.0,216,13.0,1.6,0.38,kalt,trocken
2024-12-16 06:00:00,0.9,99,0.0,0.0,0.0,0.01,3,1040.0,988.5,85,73,5,43,3.3,225,10.8,1.4,0.379,kalt,trocken
2024-12-16 07:00:00,1.2,100,0.0,0.0,0.0,0.01,3,1040.2,988.8,82,74,0,30,2.5,225,9.7,1.4,0.379,kalt,trocken
2024-12-16 08:00:00,0.4,100,0.0,0.0,0.0,0.01,3,1040.4,988.8,97,97,2,5,1.9,221,7.9,1.3,0.379,kalt,trocken
2024-12-16 09:00:00,1.3,100,0.0,0.0,0.0,0.01,3,1040.5,989.1,97,97,0,4,2.2,189,7.2,1.2,0.378,kalt,trocken
2024-12-16 10:00:00,3.1,94,0.0,0.0,0.0,0.01,1,1040.2,989.1,39,38,0,0,2.7,200,10.1,1.4,0.378,kalt,trocken
2024-12-16 11:00:00,4.9,88,0.0,0.0,0.0,0.01,0,1039.9,989.2,0,0,0,0,0.8,225,9.7,2.6,0.378,kalt,trocken
2024-12-16 12:00:00,6.5,78,0.0,0.0,0.0,0.01,0,1039.4,989.0,7,7,0,0,2.3,266,10.4,3.9,0.377,kalt,trocken
2024-12-16 13:00:00,7.6,71,0.0,0.0,0.0,0.01,2,1038.9,988.7,79,79,0,0,4.4,199,13.0,5.0,0.376,kalt,trocken
2024-12-16 14:00:00,8.2,70,0.0,0.0,0.0,0.01,0,1038.6,988.5,1,1,0,0,6.5,204,17.3,5.7,0.376,kalt,trocken
2024-12-16 15:00:00,8.1,72,0.0,0.0,0.0,0.01,0,1038.2,988.1,9,4,0,6,4.2,239,16.9,5.9,0.375,kalt,trocken
2024-12-16 16:00:00,6.4,81,0.0,0.0,0.0,0.0,0,1038.0,987.6,2,2,0,0,2.6,254,10.4,5.5,0.375,kalt,trocken
2024-12-16 17:00:00,4.8,84,0.0,0.0,0.0,0.0,0,1037.7,987.1,0,0,0,0,3.4,198,7.6,4.5,0.375,kalt,trocken
2024-12-16 18:00:00,3.6,90,0.0,0.0,0.0,0.0,0,1037.3,986.5,0,0,0,0,3.3,202,8.3,3.6,0.375,kalt,trocken
2024-12-16 19:00:00,2.7,94,0.0,0.0,0.0,0.0,0,1036.5,985.6,0,0,0,0,2.6,192,7.9,2.8,0.374,kalt,trocken
2024-12-16 20:00:00,2.4,97,0.0,0.0,0.0,0.0,0,1036.2,985.2,0,0,0,0,0.6,252,6.8,2.1,0.374,kalt,trocken
2024-12-16 21:00:00,1.9,100,0.0,0.0,0.0,0.0,0,1035.9,984.8,0,0,0,0,0.2,270,4.7,1.5,0.374,kalt,trocken
2024-12-16 22:00:00,1.7,100,0.0,0.0,0.0,0.0,3,1035.7,984.6,98,98,0,0,1.3,188,5.4,1.3,0.374,kalt,trocken
2024-12-16 23:00:00,1.4,100,0.0,0.0,0.0,0.0,1,1035.7,984.5,22,22,0,0,3.1,190,7.9,1.2,0.374,kalt,trocken
2024-12-17 00:00:00,1.4,99,0.0,0.0,0.0,0.0,3,1035.5,984.4,96,6,0,95,3.6,200,9.4,1.1,0.374,kalt,trocken
2024-12-17 01:00:00,1.8,97,0.0,0.0,0.0,0.0,3,1035.0,984.0,100,1,0,100,4.4,192,9.7,1.1,0.374,kalt,trocken
2024-12-17 02:00:00,0.5,99,0.0,0.0,0.0,0.0,2,1034.9,983.6,76,58,0,42,3.8,211,10.8,0.8,0.373,kalt,trocken
2024-12-17 03:00:00,-0.3,100,0.0,0.0,0.0,0.0,2,1034.9,983.5,74,68,0,17,2.2,235,10.1,0.8,0.373,kalt,trocken
2024-12-17 04:00:00,-0.6,100,0.0,0.0,0.0,0.0,3,1034.6,983.1,100,99,6,100,1.5,263,8.3,0.8,0.373,kalt,trocken
2024-12-17 05:00:00,-0.2,100,0.0,0.0,0.0,0.0,3,1034.9,983.5,99,99,0,0,1.0,239,8.3,0.7,0.373,kalt,trocken
2024-12-17 06:00:00,0.1,100,0.0,0.0,0.0,0.0,3,1035.1,983.7,100,100,13,40,0.6,214,6.8,0.7,0.373,kalt,trocken
2024-12-17 07:00:00,-0.2,100,0.0,0.0,0.0,0.0,3,1034.4,983.0,100,100,1,6,3.1,193,9.4,0.7,0.373,kalt,trocken
2024-12-17 08:00:00,0.2,100,0.0,0.0,0.0,0.0,3,1034.2,982.9,99,99,0,17,0.4,270,9.4,0.7,0.373,kalt,trocken
2024-12-17 09:00:00,0.7,100,0.0,0.0,0.0,0.0,3,1034.6,983.4,98,98,0,7,1.7,328,7.2,0.7,0.373,kalt,trocken
2024-12-17 10:00:00,2.1,98,0.0,0.0,0.0,0.0,3,1034.7,983.7,99,99,0,1,1.8,349,9.0,0.7,0.372,kalt,trocken
2024-12-17 11:00:00,3.7,91,0.0,0.0,0.0,0.0,3,1034.5,983.8,80,75,0,21,1.1,72,9.0,0.8,0.372,kalt,trocken
2024-12-17 12:00:00,4.9,90,0.0,0.0,0.0,0.0,3,1033.6,983.2,90,55,0,79,1.5,97,9.0,0.9,0.372,kalt,trocken
2024-12-17 13:00:00,5.8,87,0.0,0.0,0.0,0.0,3,1032.8,982.6,88,45,0,78,0.8,27,8.6,1.1,0.371,kalt,trocken
2024-12-17 14:00:00,6.0,85,0.0,0.0,0.0,0.0,3,1032.0,981.9,100,14,0,100,1.1,342,7.2,0.7,0.371,kalt,trocken
2024-12-17 15:00:00,5.5,89,0.0,0.0,0.0,0.0,3,1031.5,981.3,100,12,0,100,0.8,45,6.5,0.8,0.371,kalt,trocken
2024-12-17 16:00:00,3.6,92,0.0,0.0,0.0,0.0,3,1031.0,980.5,100,8,0,100,0.8,27,4.7,0.8,0.371,kalt,trocken
2024-12-17 17:00:00,2.5,95,0.0,0.0,0.0,0.0,3,1030.6,979.9,100,5,0,100,0.6,34,4.0,0.8,0.371,kalt,trocken
2024-12-17 18:00:00,2.4,98,0.0,0.0,0.0,0.0,3,1030.2,979.5,100,3,0,100,0.5,45,3.6,0.8,0.371,kalt,trocken
2024-12-17 19:00:00,2.3,100,0.0,0.0,0.0,0.0,3,1029.8,979.1,100,3,0,100,0.4,333,3.6,0.7,0.371,kalt,trocken
2024-12-17 20:00:00,2.0,100,0.0,0.0,0.0,0.0,3,1029.3,978.6,100,99,5,100,0.0,180,3.6,0.7,0.371,kalt,trocken
2024-12-17 21:00:00,1.1,100,0.0,0.0,0.0,0.0,3,1028.9,978.0,100,100,32,100,0.8,333,4.0,0.7,0.371,kalt,trocken
2024-12-17 22:00:00,1.3,100,0.0,0.0,0.0,0.0,3,1028.6,977.8,100,100,24,100,1.0,338,4.3,0.7,0.37,kalt,trocken
2024-12-17 23:00:00,1.3,100,0.0,0.0,0.0,0.0,3,1028.4,977.6,100,99,99,100,1.0,315,4.3,0.7,0.37,kalt,trocken
2024-12-18 00:00:00,0.7,100,0.0,0.0,0.0,0.0,3,1028.1,977.2,100,99,80,99,1.1,288,4.7,0.6,0.37,kalt,trocken
2024-12-18 01:00:00,0.8,100,0.0,0.0,0.0,0.0,3,1027.6,976.8,100,99,94,87,0.7,284,5.0,0.6,0.37,kalt,trocken
2024-12-18 02:00:00,1.3,100,0.0,0.0,0.0,0.0,3,1027.7,976.9,100,100,100,100,0.6,236,5.8,0.9,0.37,kalt,trocken
2024-12-18 03:00:00,1.4,100,0.0,0.0,0.0,0.0,3,1027.4,976.7,100,100,100,100,2.0,225,7.9,0.9,0.37,kalt,trocken
2024-12-18 04:00:00,0.9,100,0.0,0.0,0.0,0.0,3,1026.8,976.0,100,100,7,93,2.7,188,9.4,0.9,0.37,kalt,trocken
2024-12-18 05:00:00,0.1,100,0.0,0.0,0.0,0.0,3,1026.6,975.7,100,99,77,98,3.5,201,12.2,0.9,0.37,kalt,trocken
2024-12-18 06:00:00,0.2,100,0.0,0.0,0.0,0.0,3,1026.4,975.5,100,100,5,100,3.7,194,13.0,0.8,0.37,kalt,trocken
2024-12-18 07:00:00,0.7,99,0.0,0.0,0.0,0.0,3,1026.1,975.3,100,100,100,18,4.8,191,13.7,0.8,0.369,kalt,trocken
2024-12-18 08:00:00,1.2,97,0.0,0.0,0.0,0.0,3,1026.4,975.7,99,99,19,0,2.9,223,14.0,0.8,0.369,kalt,trocken
2024-12-18 09:00:00,1.5,99,0.0,0.0,0.0,0.0,3,1026.2,975.5,100,85,97,3,3.6,189,11.9,0.8,0.369,kalt,trocken
2024-12-18 10:00:00,3.7,92,0.0,0.0,0.0,0.0,3,1026.0,975.7,90,49,80,2,5.1,188,14.4,0.9,0.369,kalt,trocken
2024-12-18 11:00:00,5.3,85,0.0,0.0,0.0,0.0,3,1025.6,975.6,84,20,78,9,5.4,178,15.1,1.0,0.369,kalt,trocken
2024-12-18 12:00:00,7.3,81,0.0,0.0,0.0,0.0,0,1024.5,974.9,17,5,12,0,5.4,174,16.2,1.1,0.369,kalt,trocken
2024-12-18 13:00:00,8.9,78,0.0,0.0,0.0,0.0,3,1023.7,974.5,100,2,100,35,1.1,198,14.8,1.9,0.368,kalt,trocken
2024-12-18 14:00:00,6.2,83,0.0,0.0,0.0,0.0,3,1023.8,974.1,96,1,95,14,5.0,215,13.0,-0.3,0.368,kalt,trocken
2024-12-18 15:00:00,6.0,83,0.0,0.0,0.0,0.0,1,1023.2,973.5,43,3,43,0,3.8,191,13.7,-0.1,0.368,kalt,trocken
2024-12-18 16:00:00,4.2,90,0.0,0.0,0.0,0.0,3,1023.1,973.1,89,4,88,6,5.3,188,14.4,-0.0,0.368,kalt,trocken
2024-12-18 17:00:00,3.8,87,0.0,0.0,0.0,0.0,0,1022.7,972.6,11,1,10,0,8.0,189,19.1,0.0,0.368,kalt,trocken
2024-12-18 18:00:00,3.6,81,0.0,0.0,0.0,0.0,3,1022.5,972.4,100,0,100,38,6.9,200,19.4,0.0,0.368,kalt,trocken
2024-12-18 19:00:00,5.1,71,0.0,0.0,0.0,0.0,0,1022.5,972.7,6,1,3,2,7.8,199,19.1,0.1,0.368,kalt,trocken
2024-12-18 20:00:00,4.2,72,0.0,0.0,0.0,0.0,1,1021.8,971.8,24,0,0,24,7.1,204,19.1,0.1,0.368,kalt,trocken
2024-12-18 21:00:00,3.9,72,0.0,0.0,0.0,0.0,2,1021.1,971.1,79,0,4,78,6.6,209,18.7,0.1,0.368,kalt,trocken
2024-12-18 22:00:00,3.7,72,0.0,0.0,0.0,0.0,3,1020.4,970.4,84,0,1,84,6.0,207,18.0,0.1,0.368,kalt,trocken
2024-12-18 23:00:00,3.3,75,0.0,0.0,0.0,0.0,3,1019.3,969.3,100,0,0,100,5.1,188,16.2,0.1,0.368,kalt,trocken
2024-12-19 00:00:00,2.6,84,0.0,0.0,0.0,0.0,3,1017.9,967.8,100,0,0,100,4.9,182,13.7,0.1,0.368,kalt,trocken
2024-12-19 01:00:00,1.7,88,0.0,0.0,0.0,0.0,3,1016.7,966.5,100,0,0,100,3.7,194,12.6,0.1,0.367,kalt,trocken
2024-12-19 02:00:00,1.7,96,0.0,0.0,0.0,0.0,3,1016.4,966.3,100,9,0,100,3.3,186,9.4,1.0,0.367,kalt,trocken
2024-12-19 03:00:00,1.8,98,0.0,0.0,0.0,0.0,3,1015.7,965.6,99,13,0,98,4.8,191,11.9,0.9,0.367,kalt,trocken
2024-12-19 04:00:00,2.0,94,0.0,0.0,0.0,0.0,2,1014.0,964.0,76,11,0,73,5.9,182,13.3,0.9,0.367,kalt,trocken
2024-12-19 05:00:00,1.9,90,0.0,0.0,0.0,0.0,1,1012.7,962.8,32,1,1,31,4.9,182,13.0,0.9,0.367,kalt,trocken
2024-12-19 06:00:00,2.4,89,0.0,0.0,0.0,0.0,3,1011.1,961.3,100,1,10,100,4.8,191,12.6,0.9,0.367,kalt,trocken
2024-12-19 07:00:00,2.9,91,0.0,0.0,0.0,0.0,3,1009.9,960.3,100,1,99,100,3.4,205,11.5,0.9,0.367,kalt,trocken
2024-12-19 08:00:00,3.0,93,0.0,0.0,0.0,0.0,3,1010.1,960.5,100,1,100,100,4.6,211,15.5,0.9,0.367,kalt,trocken
2024-12-19 09:00:00,5.7,77,0.1,0.1,0.0,0.0,51,1010.8,961.6,100,4,100,100,10.8,222,25.9,0.9,0.367,kalt,leicht
2024-12-19 10:00:00,6.1,78,0.1,0.1,0.0,0.0,51,1009.9,960.8,100,11,100,100,9.0,200,26.3,1.0,0.368,kalt,leicht
2024-12-19 11:00:00,6.3,80,0.0,0.0,0.0,0.0,3,1008.9,959.9,100,5,99,35,9.6,188,24.5,1.2,0.368,kalt,trocken
2024-12-19 12:00:00,7.0,79,0.0,0.0,0.0,0.0,3,1007.8,959.0,100,26,94,100,8.5,224,21.6,1.6,0.368,kalt,trocken
2024-12-19 13:00:00,7.3,76,0.0,0.0,0.0,0.0,3,1006.8,958.1,100,1,100,100,7.3,226,19.8,2.6,0.368,kalt,trocken
2024-12-19 14:00:00,5.2,91,3.3,3.3,0.0,0.0,63,1006.3,957.3,100,16,100,100,5.7,224,15.8,2.4,0.432,kalt,leicht
2024-12-19 15:00:00,5.3,94,0.5,0.5,0.0,0.0,53,1004.7,955.8,48,4,47,0,7.1,173,17.6,2.9,0.425,kalt,leicht
2024-12-19 16:00:00,5.1,94,0.0,0.0,0.0,0.0,3,1003.2,954.3,100,1,98,92,4.0,201,19.1,3.1,0.417,kalt,trocken
2024-12-19 17:00:00,4.7,95,0.2,0.2,0.0,0.0,51,1004.1,955.1,100,86,100,100,9.2,266,20.5,2.9,0.415,kalt,leicht
2024-12-19 18:00:00,5.5,96,3.9,3.9,0.0,0.0,63,1008.3,959.2,100,100,100,100,25.2,277,59.8,3.6,0.436,kalt,leicht
2024-12-19 19:00:00,3.7,99,1.8,1.8,0.0,0.0,61,1012.6,963.0,100,100,100,100,18.1,246,52.9,3.5,0.434,kalt,leicht
2024-12-19 20:00:00,2.8,99,1.6,1.6,0.0,0.0,61,1014.3,964.5,100,100,100,100,13.4,229,38.2,3.2,0.425,kalt,leicht
2024-12-19 21:00:00,3.4,93,0.3,0.3,0.0,0.0,51,1014.6,964.9,100,48,99,75,17.5,260,41.0,3.1,0.421,kalt,leicht
2024-12-19 22:00:00,3.2,93,0.0,0.0,0.0,0.0,3,1015.1,965.3,100,71,96,93,14.6,257,37.4,2.9,0.418,kalt,trocken
2024-12-19 23:00:00,2.8,93,0.1,0.1,0.0,0.0,51,1015.7,965.8,91,55,72,58,14.2,261,31.3,2.7,0.415,kalt,leicht
2024-12-20 00:00:00,2.1,94,0.1,0.1,0.0,0.0,51,1016.7,966.6,87,23,82,65,10.5,251,31.0,2.4,0.414,kalt,leicht
2024-12-20 01:00:00,1.4,93,0.1,0.1,0.0,0.01,51,1017.5,967.3,89,47,82,49,10.4,260,24.1,2.1,0.412,kalt,leicht
2024-12-20 02:00:00,1.0,92,0.6,0.1,0.35,0.01,73,1018.7,968.3,72,44,42,14,7.0,238,19.8,2.3,0.409,kalt,leicht
2024-12-20 03:00:00,0.6,94,0.0,0.0,0.0,0.01,3,1019.7,969.2,85,39,32,73,7.0,230,15.8,1.7,0.406,kalt,trocken
2024-12-20 04:00:00,0.3,95,0.0,0.0,0.0,0.01,2,1020.4,969.8,62,58,19,0,5.8,240,15.8,1.3,0.403,kalt,trocken
2024-12-20 05:00:00,-0.0,95,0.0,0.0,0.0,0.01,2,1021.6,970.9,61,61,5,0,7.1,261,16.2,1.2,0.4,kalt,trocken
2024-12-20 06:00:00,0.5,95,0.0,0.0,0.0,0.01,2,1022.1,971.5,65,65,1,0,8.3,236,19.4,1.2,0.398,kalt,trocken
2024-12-20 07:00:00,0.4,94,0.0,0.0,0.0,0.01,3,1022.5,971.8,100,100,11,0,8.4,222,17.6,1.2,0.396,kalt,trocken
2024-12-20 08:00:00,0.5,94,0.0,0.0,0.0,0.01,3,1023.8,973.1,100,100,44,0,7.9,229,17.6,1.1,0.395,kalt,trocken
2024-12-20 09:00:00,1.1,92,0.0,0.0,0.0,0.01,3,1024.7,974.0,100,100,100,0,10.7,233,22.0,1.1,0.393,kalt,trocken
2024-12-20 10:00:00,1.2,90,0.1,0.0,0.07,0.01,71,1025.4,974.7,100,100,94,0,10.5,233,23.0,1.2,0.392,kalt,leicht
2024-12-20 11:00:00,1.5,86,0.0,0.0,0.0,0.01,3,1025.9,975.3,100,100,15,0,13.1,252,27.4,1.2,0.391,kalt,trocken
2024-12-20 12:00:00,1.7,85,0.2,0.0,0.14,0.01,71,1025.9,975.3,99,99,20,0,13.7,259,32.4,1.2,0.39,kalt,leicht
2024-12-20 13:00:00,1.9,84,0.1,0.0,0.07,0.01,71,1025.8,975.2,100,100,15,0,14.0,258,32.0,1.3,0.39,kalt,leicht
2024-12-20 14:00:00,3.6,66,0.1,0.0,0.07,0.01,71,1025.9,975.6,30,25,12,0,11.7,279,27.4,2.3,0.391,kalt,leicht
2024-12-20 15:00:00,3.4,68,0.2,0.1,0.07,0.01,71,1026.3,976.0,25,18,17,0,10.4,287,26.6,2.7,0.39,kalt,leicht
2024-12-20 16:00:00,2.6,77,0.0,0.0,0.0,0.01,0,1026.8,976.3,18,7,16,0,5.0,257,22.7,2.5,0.389,kalt,trocken
2024-12-20 17:00:00,0.4,85,0.0,0.0,0.0,0.01,1,1027.1,976.2,39,35,5,0,3.9,223,11.9,1.5,0.388,kalt,trocken
2024-12-20 18:00:00,0.3,88,0.0,0.0,0.0,0.01,2,1027.3,976.4,63,42,0,36,4.0,207,9.7,1.2,0.387,kalt,trocken
2024-12-20 19:00:00,0.6,88,0.0,0.0,0.0,0.01,3,1027.3,976.4,100,56,0,100,3.7,227,9.7,1.1,0.387,kalt,trocken
2024-12-20 20:00:00,-0.1,88,0.0,0.0,0.0,0.01,1,1027.6,976.6,38,37,1,2,3.6,221,9.4,1.1,0.386,kalt,trocken
2024-12-20 21:00:00,0.7,85,0.0,0.0,0.0,0.01,0,1028.0,977.1,13,13,0,0,6.0,226,13.0,1.0,0.385,kalt,trocken
2024-12-20 22:00:00,0.5,81,0.0,0.0,0.0,0.01,0,1028.3,977.4,0,0,0,0,7.0,235,15.8,1.0,0.385,kalt,trocken
2024-12-20 23:00:00,0.3,79,0.0,0.0,0.0,0.01,0,1028.6,977.6,2,1,0,1,6.9,229,16.2,0.9,0.384,kalt,trocken
2024-12-21 00:00:00,-0.0,79,0.0,0.0,0.0,0.01,0,1028.5,977.5,10,10,1,0,5.6,220,15.8,0.9,0.384,kalt,trocken
2024-12-21 01:00:00,-0.1,80,0.0,0.0,0.0,0.01,3,1028.1,977.1,85,13,56,61,5.1,216,13.7,0.8,0.383,kalt,trocken
2024-12-21 02:00:00,1.1,82,0.0,0.0,0.0,0.01,3,1028.3,977.5,100,24,100,61,5.6,220,13.3,1.6,0.379,kalt,trocken
2024-12-21 03:00:00,1.5,80,0.0,0.0,0.0,0.01,3,1028.0,977.3,100,6,100,97,6.9,221,15.5,1.4,0.378,kalt,trocken
2024-12-21 04:00:00,1.5,79,0.0,0.0,0.0,0.01,3,1027.6,976.9,95,1,89,81,9.0,232,19.8,1.3,0.378,kalt,trocken
2024-12-21 05:00:00,1.1,78,0.0,0.0,0.0,0.01,3,1027.3,976.5,100,48,97,95,8.0,232,20.2,1.2,0.378,kalt,trocken
2024-12-21 06:00:00,1.4,77,0.0,0.0,0.0,0.01,3,1026.8,976.1,100,100,100,68,5.2,211,18.4,1.2,0.377,kalt,trocken
2024-12-21 07:00:00,1.7,84,0.0,0.0,0.0,0.01,2,1026.3,975.7,52,47,48,0,3.8,177,13.7,1.2,0.377,kalt,trocken
2024-12-21 08:00:00,0.5,93,0.0,0.0,0.0,0.01,0,1026.1,975.3,17,9,17,0,2.7,200,10.4,1.1,0.376,kalt,trocken
2024-12-21 09:00:00,0.9,95,0.0,0.0,0.0,0.01,0,1025.8,975.1,1,0,1,0,3.2,196,9.7,1.0,0.376,kalt,trocken
2024-12-21 10:00:00,2.8,85,0.0,0.0,0.0,0.01,2,1025.6,975.2,73,0,73,0,4.5,217,12.2,1.1,0.376,kalt,trocken
2024-12-21 11:00:00,3.7,71,0.0,0.0,0.0,0.01,3,1025.5,975.3,100,83,100,0,4.4,215,13.7,1.2,0.375,kalt,trocken
2024-12-21 12:00:00,3.9,68,0.0,0.0,0.0,0.01,3,1024.8,974.6,100,100,100,11,5.9,223,15.1,1.3,0.375,kalt,trocken
2024-12-21 13:00:00,3.7,71,0.0,0.0,0.0,0.01,3,1024.2,974.0,97,96,80,0,4.8,222,15.8,1.7,0.375,kalt,trocken
2024-12-21 14:00:00,3.9,66,0.0,0.0,0.0,0.01,3,1024.6,974.4,100,71,100,26,4.0,212,18.0,2.7,0.373,kalt,trocken
2024-12-21 15:00:00,3.8,72,0.0,0.0,0.0,0.01,3,1024.1,973.9,100,100,100,27,4.2,205,13.3,2.8,0.373,kalt,trocken
2024-12-21 16:00:00,3.9,70,0.0,0.0,0.0,0.01,3,1023.8,973.7,95,77,62,73,7.1,225,18.0,2.8,0.373,kalt,trocken
2024-12-21 17:00:00,3.7,69,0.0,0.0,0.0,0.01,3,1023.3,973.2,99,87,94,59,8.2,220,21.6,2.6,0.372,kalt,trocken
2024-12-21 18:00:00,4.0,68,0.0,0.0,0.0,0.01,3,1022.8,972.7,100,100,100,100,10.3,229,24.1,2.4,0.372,kalt,trocken
2024-12-21 19:00:00,4.7,65,0.0,0.0,0.0,0.01,3,1022.2,972.3,100,34,99,99,13.1,238,31.3,2.6,0.372,kalt,trocken
2024-12-21 20:00:00,4.9,65,0.0,0.0,0.0,0.01,3,1021.8,972.0,100,0,100,100,16.1,250,36.0,2.7,0.371,kalt,trocken
2024-12-21 21:00:00,4.9,75,0.1,0.1,0.0,0.01,51,1021.7,971.9,100,0,100,100,21.2,250,47.5,3.0,0.371,kalt,leicht
2024-12-21 22:00:00,4.3,83,0.3,0.3,0.0,0.01,51,1021.1,971.2,100,4,100,100,19.8,246,47.9,3.1,0.374,kalt,leicht
2024-12-21 23:00:00,3.8,93,0.8,0.8,0.0,0.01,53,1020.8,970.8,100,100,100,99,17.8,240,43.2,3.1,0.382,kalt,leicht
2024-12-22 00:00:00,3.6,94,1.3,1.3,0.0,0.01,61,1020.1,970.1,100,100,100,83,14.9,224,38.9,3.1,0.399,kalt,leicht
2024-12-22 01:00:00,2.9,97,1.1,1.1,0.0,0.01,55,1018.7,968.7,100,100,100,98,8.5,198,32.4,3.0,0.41,kalt,leicht
2024-12-22 02:00:00,4.0,93,0.7,0.7,0.0,0.01,53,1017.7,967.9,100,100,100,100,16.0,211,38.5,3.2,0.419,kalt,leicht
2024-12-22 03:00:00,4.3,92,0.5,0.5,0.0,0.01,53,1016.0,966.3,100,100,100,100,13.4,223,36.7,3.4,0.418,kalt,leicht
2024-12-22 04:00:00,4.8,91,0.6,0.6,0.0,0.01,53,1014.3,964.8,100,13,100,86,17.2,229,39.6,3.5,0.419,kalt,leicht
2024-12-22 05:00:00,5.3,85,0.9,0.9,0.0,0.01,53,1012.4,963.1,100,27,100,63,17.8,224,41.8,3.7,0.423,kalt,leicht
2024-12-22 06:00:00,5.7,85,2.0,2.0,0.0,0.01,61,1009.9,960.8,100,11,100,97,19.8,217,54.7,3.8,0.424,kalt,leicht
2024-12-22 07:00:00,6.3,84,1.0,1.0,0.0,0.01,55,1008.7,959.7,100,98,100,96,20.6,225,61.2,4.1,0.426,kalt,leicht
2024-12-22 08:00:00,6.6,86,0.7,0.7,0.0,0.01,53,1006.6,957.8,100,72,100,93,20.3,221,57.6,4.3,0.426,kalt,leicht
2024-12-22 09:00:00,7.6,84,0.5,0.5,0.0,0.01,53,1006.3,957.7,100,94,98,98,28.3,245,65.9,4.7,0.424,kalt,leicht
2024-12-22 10:00:00,5.8,94,3.2,3.2,0.0,0.01,63,1007.7,958.7,100,100,100,97,32.9,260,77.0,4.9,0.432,kalt,leicht
2024-12-22 11:00:00,5.4,93,2.7,2.7,0.0,0.01,63,1007.4,958.3,100,21,92,98,21.9,247,68.4,4.7,0.425,kalt,leicht
2024-12-22 12:00:00,5.2,89,0.2,0.2,0.0,0.01,51,1007.6,958.5,100,99,99,69,20.8,250,53.6,4.7,0.421,kalt,leicht
2024-12-22 13:00:00,5.7,89,1.2,1.2,0.0,0.01,55,1007.0,958.0,97,47,93,12,20.9,260,52.2,4.6,0.419,kalt,leicht
2024-12-22 14:00:00,4.1,92,1.4,1.4,0.0,0.01,61,1008.8,959.4,100,24,100,100,22.1,269,54.7,4.3,0.41,kalt,leicht
2024-12-22 15:00:00,3.8,88,0.2,0.2,0.0,0.01,51,1008.8,959.4,100,12,95,100,16.7,245,46.8,4.0,0.41,kalt,leicht
2024-12-22 16:00:00,3.3,86,0.2,0.2,0.0,0.01,51,1009.2,959.7,100,29,100,100,17.0,242,40.3,3.7,0.41,kalt,leicht
2024-12-22 17:00:00,2.7,89,0.4,0.2,0.14,0.01,71,1009.4,959.8,100,60,97,100,13.7,238,39.6,3.4,0.41,kalt,leicht
2024-12-22 18:00:00,1.8,93,0.5,0.1,0.28,0.01,73,1009.2,959.4,100,12,96,100,9.8,230,32.8,2.9,0.41,kalt,leicht
2024-12-22 19:00:00,1.5,90,0.1,0.1,0.0,0.01,51,1009.0,959.2,100,10,99,100,9.6,221,25.2,2.5,0.409,kalt,leicht
2024-12-22 20:00:00,1.1,91,0.4,0.0,0.28,0.01,73,1009.1,959.2,100,30,99,100,8.7,210,20.9,2.1,0.408,kalt,leicht
2024-12-22 21:00:00,0.8,85,1.2,0.0,0.84,0.02,75,1009.2,959.3,99,39,82,96,9.5,213,19.8,1.8,0.407,kalt,leicht
2024-12-22 22:00:00,-0.0,81,1.3,0.0,0.91,0.02,75,1010.2,960.1,97,79,73,77,8.5,241,27.4,1.4,0.406,kalt,leicht
2024-12-22 23:00:00,0.6,90,0.0,0.0,0.0,0.03,2,1010.8,960.7,65,14,58,7,11.1,262,25.6,1.3,0.405,kalt,trocken
2024-12-23 00:00:00,0.2,86,0.1,0.0,0.07,0.03,71,1011.5,961.3,86,68,67,11,12.8,272,27.0,1.3,0.404,kalt,leicht
2024-12-23 01:00:00,0.3,90,0.3,0.0,0.21,0.03,73,1012.2,962.0,100,100,17,0,12.5,274,29.9,1.3,0.403,kalt,leicht
2024-12-23 02:00:00,-0.2,88,1.0,0.0,0.7,0.03,73,1013.3,963.0,54,48,17,0,11.1,241,23.0,1.2,0.404,kalt,leicht
2024-12-23 03:00:00,-0.1,92,0.0,0.0,0.0,0.03,3,1013.5,963.2,94,22,83,63,10.5,233,26.3,1.2,0.403,kalt,trocken
2024-12-23 04:00:00,0.0,91,0.0,0.0,0.0,0.03,3,1013.7,963.4,100,100,100,100,10.8,234,23.8,1.2,0.402,kalt,trocken
2024-12-23 05:00:00,0.3,90,0.0,0.0,0.0,0.03,3,1012.7,962.5,100,72,100,100,12.2,229,27.0,1.2,0.401,kalt,trocken
2024-12-23 06:00:00,0.2,91,0.3,0.0,0.21,0.03,73,1012.5,962.3,100,100,100,6,9.6,218,27.0,1.1,0.4,kalt,leicht
2024-12-23 07:00:00,0.2,92,1.2,0.0,0.84,0.04,75,1012.2,962.0,100,100,100,0,11.0,212,24.8,1.1,0.4,kalt,leicht
2024-12-23 08:00:00,0.3,92,1.1,0.0,0.77,0.04,73,1012.3,962.1,100,100,100,18,11.7,223,27.0,1.1,0.399,kalt,leicht
2024-12-23 09:00:00,0.8,93,0.4,0.0,0.28,0.05,73,1012.8,962.7,100,100,100,0,12.0,237,27.0,1.1,0.398,kalt,leicht
2024-12-23 10:00:00,1.4,92,0.0,0.0,0.0,0.05,3,1013.5,963.5,100,100,59,0,9.3,255,26.3,1.2,0.398,kalt,trocken
2024-12-23 11:00:00,2.0,91,0.3,0.0,0.21,0.05,73,1014.3,964.3,100,99,93,0,8.5,265,21.6,1.2,0.399,kalt,leicht
2024-12-23 12:00:00,1.9,92,0.3,0.1,0.14,0.06,71,1014.6,964.6,100,99,100,0,8.0,256,19.8,1.3,0.402,kalt,leicht
2024-12-23 13:00:00,1.6,96,0.9,0.3,0.42,0.06,73,1015.0,964.9,100,99,100,0,6.6,249,19.8,1.5,0.406,kalt,leicht
2024-12-23 14:00:00,2.4,93,0.2,0.2,0.0,0.06,51,1016.5,966.5,100,96,100,0,8.5,275,20.9,2.1,0.411,kalt,leicht
2024-12-23 15:00:00,2.6,91,0.2,0.1,0.07,0.06,71,1017.3,967.3,82,55,67,0,12.0,282,24.8,2.1,0.413,kalt,leicht
2024-12-23 16:00:00,2.6,90,0.1,0.1,0.0,0.06,51,1018.3,968.2,53,44,33,0,10.5,282,26.3,2.1,0.415,kalt,leicht
2024-12-23 17:00:00,1.0,93,1.6,0.1,1.05,0.06,75,1019.4,969.0,72,8,70,0,4.1,257,21.6,1.8,0.413,kalt,leicht
2024-12-23 18:00:00,0.5,85,1.7,0.0,1.19,0.07,75,1020.6,970.0,63,47,38,0,2.1,218,10.1,1.4,0.411,kalt,leicht
2024-12-23 19:00:00,0.8,77,1.3,0.0,0.91,0.07,75,1021.5,970.9,59,42,33,0,6.2,282,14.8,1.3,0.41,kalt,leicht
2024-12-23 20:00:00,0.6,92,0.0,0.0,0.0,0.07,3,1022.7,972.0,100,60,100,0,8.9,277,19.1,1.2,0.408,kalt,trocken
2024-12-23 21:00:00,1.2,92,0.0,0.0,0.0,0.07,3,1023.6,973.0,96,77,82,0,11.5,269,24.1,1.2,0.407,kalt,trocken
2024-12-23 22:00:00,0.9,93,0.0,0.0,0.0,0.07,3,1024.2,973.5,98,90,83,0,10.8,268,24.5,1.2,0.406,kalt,trocken
2024-12-23 23:00:00,0.5,93,0.1,0.0,0.07,0.07,71,1024.7,973.9,81,73,54,0,8.1,270,22.7,1.2,0.405,kalt,leicht
2024-12-24 00:00:00,-0.4,84,3.6,0.0,2.52,0.07,75,1025.3,974.3,73,47,67,0,5.8,265,17.6,1.1,0.404,kalt,leicht
2024-12-24 01:00:00,-2.1,89,1.1,0.0,0.77,0.07,73,1026.0,974.7,88,85,75,0,3.7,235,14.0,1.0,0.403,kalt,leicht
2024-12-24 02:00:00,0.3,88,0.1,0.0,0.07,0.07,71,1026.1,975.2,82,24,77,0,5.1,247,15.5,1.0,0.403,kalt,leicht
2024-12-24 03:00:00,0.7,83,0.2,0.0,0.14,0.07,71,1026.6,975.8,100,64,99,0,1.7,229,11.9,0.9,0.402,kalt,leicht
2024-12-24 04:00:00,-0.3,77,0.8,0.0,0.56,0.08,73,1027.2,976.2,86,42,79,0,2.9,240,7.6,0.9,0.401,kalt,leicht
2024-12-24 05:00:00,-1.5,70,1.6,0.0,1.12,0.08,75,1027.7,976.4,55,35,43,0,3.2,232,9.0,0.8,0.4,kalt,leicht
2024-12-24 06:00:00,-1.6,78,1.2,0.0,0.84,0.08,75,1028.1,976.8,98,95,66,0,2.5,210,8.3,0.8,0.399,kalt,leicht
2024-12-24 07:00:00,0.7,88,0.0,0.0,0.0,0.08,3,1028.8,977.9,100,100,98,0,5.3,232,10.8,0.8,0.399,kalt,trocken
2024-12-24 08:00:00,0.9,93,0.0,0.0,0.0,0.08,3,1029.0,978.1,100,100,96,0,6.5,236,14.0,0.8,0.398,kalt,trocken
2024-12-24 09:00:00,0.9,93,0.2,0.0,0.14,0.08,71,1029.4,978.5,100,100,13,2,4.9,246,13.7,0.8,0.397,kalt,leicht
2024-12-24 10:00:00,1.3,89,0.0,0.0,0.0,0.08,3,1029.7,978.8,100,100,11,0,4.4,263,11.9,0.8,0.397,kalt,trocken
2024-12-24 11:00:00,1.6,89,0.0,0.0,0.0,0.08,3,1030.4,979.6,100,100,2,13,3.6,264,11.5,0.8,0.396,kalt,trocken
2024-12-24 12:00:00,2.0,88,0.0,0.0,0.0,0.08,3,1030.3,979.5,99,98,2,49,4.1,283,10.8,0.9,0.397,kalt,trocken
2024-12-24 13:00:00,2.1,86,0.0,0.0,0.0,0.08,3,1030.1,979.4,92,69,63,42,2.0,315,10.8,1.0,0.399,kalt,trocken
2024-12-24 14:00:00,3.9,73,0.0,0.0,0.0,0.07,1,1030.2,979.8,42,1,41,3,4.7,108,13.3,1.2,0.394,kalt,trocken
2024-12-24 15:00:00,3.8,72,0.0,0.0,0.0,0.07,1,1030.6,980.1,45,30,19,11,2.2,55,13.0,1.5,0.393,kalt,trocken
2024-12-24 16:00:00,2.4,81,0.0,0.0,0.0,0.07,1,1031.1,980.4,23,21,3,0,3.3,77,6.8,1.6,0.393,kalt,trocken
2024-12-24 17:00:00,1.0,84,0.0,0.0,0.0,0.07,1,1031.8,980.8,22,13,10,0,3.1,93,7.6,1.2,0.393,kalt,trocken
2024-12-24 18:00:00,0.8,87,0.0,0.0,0.0,0.07,1,1032.2,981.1,24,7,18,0,1.9,119,6.8,1.1,0.392,kalt,trocken
2024-12-24 19:00:00,0.2,88,0.0,0.0,0.0,0.07,1,1032.7,981.5,34,4,32,0,3.5,141,7.6,1.0,0.392,kalt,trocken
2024-12-24 20:00:00,0.5,87,0.0,0.0,0.0,0.07,3,1033.1,981.9,91,7,91,0,3.2,117,7.6,1.0,0.391,kalt,trocken
2024-12-24 21:00:00,0.6,86,0.0,0.0,0.0,0.07,3,1033.2,982.0,100,5,100,0,3.5,105,8.6,1.0,0.391,kalt,trocken
2024-12-24 22:00:00,1.0,85,0.0,0.0,0.0,0.07,3,1033.6,982.5,100,4,100,0,3.2,87,9.7,1.0,0.391,kalt,trocken
2024-12-24 23:00:00,0.6,87,0.0,0.0,0.0,0.07,3,1034.1,982.9,100,3,100,0,2.4,73,9.0,0.9,0.39,kalt,trocken
2024-12-25 00:00:00,1.0,85,0.0,0.0,0.0,0.07,3,1034.2,983.1,100,0,100,0,1.9,56,7.6,0.9,0.39,kalt,trocken
2024-12-25 01:00:00,1.1,84,0.0,0.0,0.0,,3,1034.5,983.4,100,0,100,0,2.1,38,6.8,1.0,0.39,kalt,trocken
2024-12-25 02:00:00,0.1,91,0.0,0.0,0.0,,0,1035.4,984.0,4,0,4,0,2.7,42,7.6,1.2,0.39,kalt,trocken
2024-12-25 03:00:00,0.0,89,0.0,0.0,0.0,,0,1035.7,984.3,1,0,0,0,2.6,39,7.6,1.1,0.39,kalt,trocken
2024-12-25 04:00:00,-0.1,88,0.0,0.0,0.0,,0,1035.8,984.4,1,0,1,0,1.5,54,7.2,1.0,0.389,kalt,trocken
2024-12-25 05:00:00,-0.3,85,0.0,0.0,0.0,,0,1035.8,984.3,0,0,0,0,1.3,56,5.8,0.9,0.389,kalt,trocken
2024-12-25 06:00:00,-0.7,86,0.0,0.0,0.0,,0,1035.8,984.3,1,1,0,0,1.7,49,5.8,0.9,0.389,kalt,trocken
2024-12-25 07:00:00,-1.0,86,0.0,0.0,0.0,,0,1036.1,984.5,2,2,0,0,2.0,27,6.1,0.8,0.388,kalt,trocken
2024-12-25 08:00:00,-1.2,89,0.0,0.0,0.0,,0,1036.7,985.0,2,2,0,0,2.4,13,6.8,0.8,0.388,kalt,trocken
2024-12-25 09:00:00,-0.5,87,0.0,0.0,0.0,,0,1037.0,985.4,2,1,1,0,2.5,8,6.8,0.7,0.388,kalt,trocken
2024-12-25 10:00:00,0.5,82,0.0,0.0,0.0,,0,1037.0,985.6,1,0,0,1,3.6,6,10.8,0.7,0.388,kalt,trocken
2024-12-25 11:00:00,1.8,72,0.0,0.0,0.0,,0,1037.0,985.9,0,0,0,0,3.3,29,11.9,0.8,0.387,kalt,trocken
2024-12-25 12:00:00,3.1,66,0.0,0.0,0.0,,0,1036.4,985.5,8,0,0,8,3.3,41,12.6,0.9,0.386,kalt,trocken
2024-12-25 13:00:00,4.0,61,0.0,0.0,0.0,,0,1036.1,985.4,9,0,0,9,4.4,35,14.0,1.0,0.386,kalt,trocken
2024-12-25 14:00:00,3.5,69,0.0,0.0,0.0,,0,1037.0,986.2,5,4,0,1,4.1,52,14.0,0.9,0.385,kalt,trocken
2024-12-25 15:00:00,3.4,67,0.0,0.0,0.0,,0,1036.8,986.0,5,1,0,4,4.3,45,13.3,1.0,0.384,kalt,trocken
2024-12-25 16:00:00,2.0,76,0.0,0.0,0.0,,0,1036.7,985.6,18,0,0,18,3.8,49,11.5,1.0,0.384,kalt,trocken
2024-12-25 17:00:00,0.4,81,0.0,0.0,0.0,,0,1036.6,985.2,13,0,0,13,4.0,32,9.7,0.9,0.384,kalt,trocken
2024-12-25 18:00:00,0.1,82,0.0,0.0,0.0,,0,1036.5,985.1,0,0,0,0,4.8,22,11.9,0.9,0.384,kalt,trocken
2024-12-25 19:00:00,-0.2,80,0.0,0.0,0.0,,0,1036.6,985.1,0,0,0,0,4.8,31,13.0,0.8,0.384,kalt,trocken
2024-12-25 20:00:00,-0.6,80,0.0,0.0,0.0,,0,1036.5,985.0,10,0,0,10,3.9,34,12.6,0.8,0.384,kalt,trocken
2024-12-25 21:00:00,-0.5,82,0.0,0.0,0.0,,0,1036.4,984.9,14,0,0,14,4.4,19,11.5,0.7,0.384,kalt,trocken
2024-12-25 22:00:00,-0.7,83,0.0,0.0,0.0,,0,1036.5,984.9,6,0,0,6,5.5,17,13.7,0.7,0.383,kalt,trocken
2024-12-25 23:00:00,-1.0,83,0.0,0.0,0.0,,0,1036.6,985.0,3,0,0,3,4.8,22,14.0,0.6,0.383,kalt,trocken
2024-12-26 00:00:00,-1.3,84,0.0,0.0,0.0,,0,1036.5,984.8,7,0,0,7,4.2,25,13.0,0.6,0.383,kalt,trocken
2024-12-26 01:00:00,-1.5,83,0.0,0.0,0.0,,0,1036.3,984.6,0,0,0,0,4.3,24,12.2,0.5,0.383,kalt,trocken
2024-12-26 02:00:00,-1.9,94,0.0,0.0,0.0,,1,1037.3,985.5,34,34,0,0,5.2,29,13.7,0.5,0.382,kalt,trocken
2024-12-26 03:00:00,-2.1,94,0.0,0.0,0.0,,1,1037.5,985.6,34,34,0,0,4.9,36,13.7,0.4,0.382,kalt,trocken
2024-12-26 04:00:00,-2.1,93,0.0,0.0,0.0,,1,1037.3,985.4,39,39,0,0,4.5,50,14.0,0.4,0.382,kalt,trocken
2024-12-26 05:00:00,-2.2,92,0.0,0.0,0.0,,2,1037.1,985.2,50,50,0,0,3.8,49,13.3,0.4,0.382,kalt,trocken
2024-12-26 06:00:00,-2.3,91,0.0,0.0,0.0,,2,1036.7,984.8,52,52,0,0,3.6,45,12.2,0.3,0.382,kalt,trocken
2024-12-26 07:00:00,-2.4,90,0.0,0.0,0.0,,1,1036.6,984.7,46,46,0,0,3.5,35,11.2,0.3,0.382,kalt,trocken
2024-12-26 08:00:00,-2.6,89,0.0,0.0,0.0,,1,1036.8,984.9,40,40,0,0,3.5,28,11.5,0.3,0.382,kalt,trocken
2024-12-26 09:00:00,-2.3,86,0.0,0.0,0.0,,1,1036.8,984.9,38,38,0,0,3.6,27,11.5,0.3,0.381,kalt,trocken
2024-12-26 10:00:00,-1.2,80,0.0,0.0,0.0,,1,1036.9,985.2,38,38,0,0,3.0,33,11.9,0.3,0.381,kalt,trocken
2024-12-26 11:00:00,0.2,71,0.0,0.0,0.0,,1,1036.8,985.4,27,27,0,0,2.7,28,12.6,0.3,0.381,kalt,trocken
2024-12-26 12:00:00,1.6,63,0.0,0.0,0.0,,0,1035.9,984.8,4,4,0,0,2.3,23,12.2,0.4,0.38,kalt,trocken
2024-12-26 13:00:00,2.7,57,0.0,0.0,0.0,,0,1035.0,984.1,1,1,0,0,2.3,18,11.9,0.4,0.38,kalt,trocken
2024-12-26 14:00:00,1.6,66,0.0,0.0,0.0,,0,1036.1,985.0,5,5,0,0,0.9,11,9.0,-0.4,0.381,kalt,trocken
2024-12-26 15:00:00,1.8,64,0.0,0.0,0.0,,0,1035.9,984.8,5,5,0,0,1.1,360,9.0,-0.2,0.38,kalt,trocken
2024-12-26 16:00:00,0.9,68,0.0,0.0,0.0,,0,1035.9,984.6,19,19,0,0,1.1,18,7.2,-0.2,0.38,kalt,trocken
2024-12-26 17:00:00,-0.3,72,0.0,0.0,0.0,,0,1035.9,984.4,12,12,0,0,1.9,29,6.8,-0.2,0.38,kalt,trocken
2024-12-26 18:00:00,-0.4,74,0.0,0.0,0.0,,0,1035.7,984.2,3,3,0,0,1.0,45,6.5,-0.3,0.38,kalt,trocken
2024-12-26 19:00:00,-0.9,77,0.0,0.0,0.0,,0,1035.7,984.1,0,0,0,0,1.5,21,5.8,-0.4,0.38,kalt,trocken
2024-12-26 20:00:00,-1.3,81,0.0,0.0,0.0,,0,1035.8,984.2,0,0,0,0,2.8,15,7.6,-0.6,0.38,kalt,trocken
2024-12-26 21:00:00,-1.8,89,0.0,0.0,0.0,,0,1035.6,983.9,0,0,0,0,3.5,9,7.9,-1.1,0.38,kalt,trocken
2024-12-26 22:00:00,-2.1,88,0.0,0.0,0.0,,0,1035.6,983.8,0,0,0,0,3.6,9,8.6,-1.4,0.38,kalt,trocken
2024-12-26 23:00:00,-2.2,85,0.0,0.0,0.0,,0,1035.5,983.7,0,0,0,0,3.6,360,8.6,-1.7,0.379,kalt,trocken
2024-12-27 00:00:00,-2.4,85,0.0,0.0,0.0,,0,1035.4,983.6,0,0,0,0,3.6,351,9.0,-1.8,0.379,kalt,trocken
2024-12-27 01:00:00,-2.6,85,0.0,0.0,0.0,,0,1035.2,983.3,0,0,0,0,3.6,342,8.6,-2.0,0.379,kalt,trocken
2024-12-27 02:00:00,-3.0,97,0.0,0.0,0.0,,3,1036.2,984.2,100,100,0,0,2.3,342,7.2,-1.8,0.379,kalt,trocken
2024-12-27 03:00:00,-3.2,97,0.0,0.0,0.0,,3,1036.5,984.5,100,100,0,0,1.9,338,6.1,-1.8,0.379,kalt,trocken
2024-12-27 04:00:00,-3.3,98,0.0,0.0,0.0,,3,1036.5,984.5,100,100,0,0,0.9,349,5.0,-1.8,0.379,kalt,trocken
2024-12-27 05:00:00,-3.4,99,0.0,0.0,0.0,,3,1036.4,984.3,100,100,0,0,0.9,349,4.0,-1.8,0.378,kalt,trocken
2024-12-27 06:00:00,-3.4,99,0.0,0.0,0.0,,3,1036.3,984.2,100,100,0,0,1.3,34,3.6,-1.8,0.378,kalt,trocken
2024-12-27 07:00:00,-3.2,99,0.0,0.0,0.0,,3,1036.3,984.3,100,100,0,0,1.9,41,4.3,-1.7,0.378,kalt,trocken
2024-12-27 08:00:00,-3.6,99,0.0,0.0,0.0,,3,1036.6,984.5,100,100,0,0,1.9,34,4.7,-1.8,0.378,kalt,trocken
2024-12-27 09:00:00,-2.5,99,0.0,0.0,0.0,,3,1036.6,984.7,100,100,0,0,2.6,25,5.8,-1.6,0.378,kalt,trocken
2024-12-27 10:00:00,-1.1,94,0.0,0.0,0.0,,3,1036.7,985.0,100,100,0,0,2.5,30,10.1,-0.8,0.378,kalt,trocken
2024-12-27 11:00:00,0.1,89,0.0,0.0,0.0,,3,1036.5,985.1,95,95,1,0,2.4,27,10.8,-0.3,0.378,kalt,trocken
2024-12-27 12:00:00,1.5,81,0.0,0.0,0.0,,2,1035.9,984.8,78,78,1,0,2.4,13,11.2,-0.2,0.378,kalt,trocken
2024-12-27 13:00:00,2.8,74,0.0,0.0,0.0,,2,1034.8,983.9,65,64,2,0,1.9,22,11.5,-0.0,0.378,kalt,trocken
2024-12-27 14:00:00,1.8,84,0.0,0.0,0.0,,3,1035.4,984.3,88,88,2,0,1.7,32,11.2,-1.0,0.377,kalt,trocken
2024-12-27 15:00:00,2.2,83,0.0,0.0,0.0,,1,1035.0,984.0,45,45,2,0,1.4,67,9.0,-0.3,0.377,kalt,trocken
2024-12-27 16:00:00,1.2,88,0.0,0.0,0.0,,0,1034.7,983.6,6,6,2,0,0.7,76,5.8,-0.2,0.377,kalt,trocken
2024-12-27 17:00:00,0.3,90,0.0,0.0,0.0,,0,1034.6,983.3,14,13,1,0,0.6,72,3.2,-0.3,0.377,kalt,trocken
2024-12-27 18:00:00,0.1,93,0.0,0.0,0.0,,0,1034.5,983.2,16,16,0,0,0.4,63,2.9,-0.4,0.377,kalt,trocken
2024-12-27 19:00:00,-0.2,96,0.0,0.0,0.0,,0,1034.4,983.0,17,17,0,0,0.8,45,2.9,-0.5,0.377,kalt,trocken
2024-12-27 20:00:00,-0.4,97,0.0,0.0,0.0,,0,1034.5,983.1,19,19,0,0,0.8,63,2.5,-0.9,0.377,kalt,trocken
2024-12-27 21:00:00,-0.5,96,0.0,0.0,0.0,,1,1034.3,982.9,22,22,0,0,1.0,31,2.5,-1.2,0.377,kalt,trocken
2024-12-27 22:00:00,-1.2,95,0.0,0.0,0.0,,1,1034.2,982.7,23,23,0,0,2.3,4,5.4,-1.4,0.377,kalt,trocken
2024-12-27 23:00:00,-1.4,94,0.0,0.0,0.0,,1,1034.0,982.4,22,22,0,0,0.9,11,5.4,-1.6,0.376,kalt,trocken
